Lib_Name,Source,N_Runs,Mean_Cosine_Similarity,Std_Cosine_Similarity,Median_Cosine_Similarity
konva,middle,5,0.9114,0.0208,0.9143
toml-require,middle,5,0.9014,0.0064,0.8987
couchdb-fauxton,bottom,5,0.9005,0.0062,0.8985
tweetnacl-js,top,5,0.8988,0.0299,0.9144
node-get-all-js-files,bottom,5,0.8876,0.0152,0.8965
gedcomx-date-js,bottom,5,0.8804,0.0055,0.8794
eslint-config-standard,top,5,0.8763,0.0077,0.8776
nativescript-dev-webpack,middle,5,0.8762,0.0042,0.8773
ESB-node-driver,bottom,5,0.8757,0.0018,0.8759
dailymotion-sdk-node,bottom,5,0.8729,0.0191,0.8775
protractor-jasmine2-screenshot-reporter,middle,5,0.8713,0.0094,0.8696
gulp-remote-src,middle,5,0.8694,0.0061,0.8715
lru-memoize,middle,5,0.8683,0.0169,0.8731
eslint-loader,top,5,0.8683,0.0107,0.8704
postcss-selector-parser,top,5,0.8672,0.0159,0.8763
spotify-web-api-node,middle,5,0.8668,0.0132,0.8685
detect-node,top,5,0.8663,0.0115,0.8618
js-multihash,middle,5,0.8639,0.0088,0.8605
node-google-alerts,bottom,5,0.8604,0.0144,0.8587
prompt-sync,middle,5,0.8593,0.0158,0.8592
ast-types-flow,top,5,0.8574,0.006,0.8548
gulp-html5-lint,middle,5,0.8571,0.0084,0.8602
dropbox-sdk-js,middle,5,0.8569,0.0074,0.8546
js-multiaddr,middle,5,0.8568,0.0262,0.8597
strip-comments,top,5,0.8552,0.0229,0.8497
ember-test-helpers,middle,5,0.8549,0.0061,0.852
grunt-sass-lint,middle,5,0.8511,0.0079,0.8532
react-sidebar,middle,5,0.8507,0.0086,0.8482
gulp-sourcemaps,top,5,0.8501,0.0195,0.8482
enb-browserify,bottom,5,0.8496,0.0265,0.8557
google-fonts-downloader,bottom,5,0.8484,0.0059,0.8486
karma-gzip-preprocessor,bottom,5,0.8473,0.0222,0.8547
read-yaml,middle,5,0.8464,0.009,0.8485
ember-cli-deploy,middle,5,0.8463,0.0209,0.849
FileBufferReader,bottom,5,0.8441,0.0156,0.8432
eslint-plugin-node,top,5,0.8439,0.0042,0.8431
browserify-aes,top,5,0.8435,0.0166,0.8463
vue-hot-reload-api,top,5,0.8426,0.0053,0.843
koa-passport,middle,5,0.842,0.0105,0.8474
benderjs-amd,bottom,5,0.842,0.0128,0.8392
mocha-fivemat-progress-reporter,middle,5,0.8408,0.0073,0.8433
whatwg-url,top,5,0.8393,0.0075,0.8366
array-flatten,top,5,0.839,0.0264,0.8459
extract-zip,top,5,0.8388,0.0183,0.8347
react-native-side-menu,middle,5,0.8387,0.0054,0.8366
gitbook-plugin-piwik,bottom,5,0.8387,0.0105,0.8339
webpack-merge,top,5,0.8383,0.0077,0.8375
lark-log,bottom,5,0.8377,0.0157,0.8435
commonmark-react-renderer,middle,5,0.8374,0.0063,0.835
led-canvas-fonts,bottom,5,0.8373,0.0023,0.8365
react-native-navbar,middle,5,0.8362,0.0095,0.8398
wangEditor,middle,5,0.836,0.0086,0.8384
js-ipld-dag-cbor,middle,5,0.836,0.062,0.8649
minimalistic-crypto-utils,top,5,0.8333,0.0094,0.8343
prettier,top,5,0.8319,0.0259,0.8244
optimize-css-assets-webpack-plugin,top,5,0.8318,0.0046,0.8307
libphonenumber-js,middle,5,0.8314,0.0051,0.8302
engine.io-parser,top,5,0.8307,0.0146,0.8343
node-elm-compiler,middle,5,0.8302,0.0092,0.8363
actions-on-google-nodejs,middle,5,0.83,0.007,0.8276
webpack-subresource-integrity,top,5,0.8296,0.0184,0.8274
vue-loader,top,5,0.8293,0.0069,0.8327
react-quill,middle,5,0.8292,0.0163,0.8368
jstransformer-markdown-it,middle,5,0.8287,0.0064,0.8292
hapi-route-directory,bottom,5,0.8281,0.0079,0.8278
backbone-db-mongodb,bottom,5,0.828,0.0069,0.8247
bloggy-rss,bottom,5,0.8275,0.0092,0.8262
babel-preset-es2015-node5,middle,5,0.827,0.0187,0.8269
node-lru-cache-cluster,bottom,5,0.8268,0.0068,0.8265
couchdb-user-account,bottom,5,0.8267,0.0031,0.826
acorn-globals,top,5,0.8263,0.0275,0.8373
rollup-plugin-babel-minify,middle,5,0.8256,0.0066,0.8245
gulplog,top,5,0.8255,0.0082,0.8222
webpack-manifest-plugin,top,5,0.8253,0.0409,0.8504
draftjs-to-html,middle,5,0.8243,0.0041,0.8256
lowercase-keys,top,5,0.8239,0.0141,0.8307
babel-preset-es2015-without-strict,middle,5,0.8238,0.0177,0.832
neo-async,top,5,0.8229,0.0146,0.8208
react-paginate,middle,5,0.8226,0.0041,0.825
nodejs-fluent-validator,bottom,5,0.8223,0.0136,0.8262
react-native-progress,middle,5,0.8222,0.0065,0.8215
d3-star-plot,bottom,5,0.8221,0.0071,0.8234
ember-pdfjs,bottom,5,0.8214,0.0052,0.8192
compression,top,5,0.821,0.0896,0.8564
goodscloud-node,bottom,5,0.8209,0.0327,0.8381
swagger-jsdoc,middle,5,0.8205,0.0292,0.8164
gulp-css-inline-images,middle,5,0.8197,0.0074,0.8219
breeze.js.labs,bottom,5,0.8193,0.0224,0.8184
strong-globalize,middle,5,0.819,0.0125,0.8209
gulp-mustache,middle,5,0.8186,0.0249,0.829
levenshtein-edit-distance,middle,5,0.8182,0.023,0.8223
gulp-stylint,middle,5,0.8168,0.078,0.848
react-flexbox-grid,middle,5,0.8162,0.0043,0.8181
express-orm-mvc,bottom,5,0.8161,0.0144,0.8231
js-libp2p-crypto,middle,5,0.816,0.0047,0.8165
gulp-mock,bottom,5,0.8159,0.0054,0.8181
browser-pdf-support,bottom,5,0.8156,0.0542,0.8056
babel-preset-es2015-node6,middle,5,0.8155,0.0236,0.8097
ip-regex,top,5,0.8149,0.0109,0.8105
react-component-gulp-tasks,middle,5,0.8146,0.0028,0.8149
grunt-date-suffix,bottom,5,0.8144,0.0132,0.8151
ansi-escapes,top,5,0.8144,0.0118,0.8193
angular-router-loader,middle,5,0.8142,0.0173,0.8139
gulp-html-extract,middle,5,0.8126,0.0167,0.8232
react-masonry-component,middle,5,0.8124,0.0138,0.8135
grunt-xunit,bottom,5,0.812,0.0304,0.8121
ember-power-select,middle,5,0.8118,0.0137,0.8138
uglifyjs-webpack-plugin,top,5,0.8114,0.0194,0.8148
react-responsive-carousel,middle,5,0.8106,0.01,0.8126
dynamo-converters,bottom,5,0.8106,0.0081,0.8149
react-highlight,middle,5,0.81,0.0086,0.8093
indexeddb-mock,bottom,5,0.8098,0.0161,0.8134
karma-systemjs,middle,5,0.8097,0.0139,0.8036
node-benchmarks,bottom,5,0.8092,0.0109,0.8089
express-fluent-logger,bottom,5,0.8086,0.0165,0.8095
ansi-colors,top,5,0.808,0.0058,0.8058
ember-cli-array-slice,bottom,5,0.8078,0.008,0.8082
emoji-regex,top,5,0.8078,0.0259,0.8022
jasmine-jsonpath,bottom,5,0.807,0.0092,0.8097
hammer-draggables,bottom,5,0.8058,0.0102,0.8066
buffer-indexof-polyfill,middle,5,0.8057,0.0423,0.8327
hexo-renderer-haml,bottom,5,0.8057,0.0125,0.8025
ember-cli-admin-languages,bottom,5,0.8052,0.0081,0.8064
react-grid-layout,middle,5,0.805,0.0249,0.7982
angular-chart.js,middle,5,0.8046,0.0103,0.81
ember-lodash,middle,5,0.8043,0.008,0.8031
karma-chai-js-factories,bottom,5,0.8039,0.0111,0.8009
knex-schema-builder,bottom,5,0.8036,0.0077,0.8047
vector-tile-js,middle,5,0.8035,0.0151,0.8044
markdown-it-abbr,middle,5,0.8035,0.0124,0.7983
ice-cap,middle,5,0.8028,0.0301,0.7973
has-gulplog,top,5,0.8027,0.0318,0.8083
verb-tag-jscomments,middle,5,0.8026,0.0112,0.7994
void-elements,top,5,0.8025,0.0059,0.7999
backbone-db-elasticsearch,bottom,5,0.8025,0.0114,0.8062
alchemist-hsl,bottom,5,0.802,0.0079,0.8034
angular-sockjs,bottom,5,0.8015,0.0121,0.7985
grunt-slm,bottom,5,0.8011,0.0223,0.7897
coreos-cluster,bottom,5,0.801,0.0036,0.8006
react-toggle,middle,5,0.8009,0.0142,0.8077
karma-jenkins-reporter,middle,5,0.8,0.0127,0.7952
karma-tap-reporter,middle,5,0.7997,0.0092,0.7977
Leaflet.MapboxVectorTile,bottom,5,0.7989,0.0082,0.7964
is-stream,top,5,0.7985,0.0239,0.8094
babel-preset-power-assert,middle,5,0.7983,0.0071,0.7964
ember-cli-jsx,bottom,5,0.7974,0.0073,0.798
babelrc-rollup,middle,5,0.7973,0.0166,0.793
google-libphonenumber,middle,5,0.7968,0.0034,0.7973
particles.js,middle,5,0.7961,0.0158,0.7938
generator-meshblu-connector,bottom,5,0.7955,0.0135,0.8001
eslint-plugin-lodash,middle,5,0.7942,0.0151,0.7976
grunt-check-pages,middle,5,0.794,0.0119,0.7919
html-comment-regex,top,5,0.7935,0.0064,0.7952
nativescript-hook,middle,5,0.7934,0.0168,0.7973
json-fling,bottom,5,0.7931,0.0209,0.7874
alphanum-sort,top,5,0.7925,0.0061,0.7904
grunt-neo4j,bottom,5,0.7923,0.0056,0.7937
redux-localstorage,middle,5,0.7916,0.0087,0.7916
mocha-eslint,middle,5,0.7904,0.0274,0.7795
express-batch,bottom,5,0.7903,0.0077,0.7859
react-highcharts,middle,5,0.7894,0.0067,0.7916
spdx-license-ids,top,5,0.7885,0.0096,0.7882
react-native-collapsible,middle,5,0.7882,0.0212,0.7844
gulp-tape,middle,5,0.7882,0.0177,0.7905
slice-ansi,top,5,0.7878,0.0101,0.7867
rethinkdbdash,middle,5,0.7877,0.0274,0.7918
markdown-it-table-of-contents,middle,5,0.7876,0.014,0.7923
markdown-it-sup,middle,5,0.7875,0.0178,0.7893
google-maps-services-js,middle,5,0.7875,0.007,0.788
gulp-connect-php,middle,5,0.7873,0.0196,0.7919
arangojs-extended,bottom,5,0.787,0.0159,0.7862
rollup-plugin-node-resolve,top,5,0.7868,0.0194,0.7904
spdx-license-list,middle,5,0.7864,0.0121,0.7874
gulp-istanbul-enforcer,middle,5,0.7859,0.0374,0.8099
sort-keys,top,5,0.7855,0.0219,0.7959
contentful-sdk-core,middle,5,0.7852,0.016,0.782
multicast-dns,top,5,0.785,0.0339,0.7941
grunt-crowdin,bottom,5,0.7846,0.0168,0.7889
micromatch,top,5,0.7846,0.0174,0.7865
jisonify,bottom,5,0.7844,0.0133,0.787
is-absolute-url,top,5,0.7844,0.023,0.7944
gulp-coverage,bottom,5,0.7842,0.0057,0.7841
ejs,top,5,0.7837,0.0307,0.798
react-native-modalbox,middle,5,0.7832,0.0098,0.786
imagemin-jpeg-recompress,middle,5,0.783,0.0091,0.7852
grunt-template-jasmine-dojo,bottom,5,0.7822,0.0111,0.7866
babel-loader,top,5,0.7822,0.0043,0.7799
extract-text-webpack-plugin,top,5,0.7821,0.0154,0.7773
node-directory-tree,middle,5,0.7819,0.0201,0.7853
session-file-store,middle,5,0.7814,0.0082,0.7769
body-parser,top,5,0.7813,0.0448,0.7651
element-resize-event,middle,5,0.7813,0.0224,0.788
mochawesome-report-generator,middle,5,0.7803,0.0142,0.7716
css-selector-tokenizer,top,5,0.7801,0.0073,0.7785
pkg-dir,top,5,0.7796,0.0185,0.7727
eslint-plugin-react,top,5,0.7793,0.0299,0.7787
http-proxy-middleware,top,5,0.7791,0.0511,0.7966
react-moment-proptypes,middle,5,0.7789,0.0445,0.7973
loopback-connector-kafka,bottom,5,0.7787,0.0097,0.7729
css-url-versioner,bottom,5,0.7787,0.0165,0.7703
hexo-renderer-jade,middle,5,0.7787,0.016,0.7762
is-binary-path,top,5,0.7777,0.021,0.7847
bili,middle,5,0.7772,0.0625,0.7977
postcss-functions,middle,5,0.7772,0.0114,0.7827
ampersand-sync-localforage,bottom,5,0.777,0.0101,0.7763
postcss-selector-not,top,5,0.7769,0.0237,0.7718
eslint-config-peerigon,middle,5,0.7769,0.0099,0.7752
js-peer-id,middle,5,0.7761,0.0157,0.7731
fetch-client,middle,5,0.7761,0.0069,0.7746
eslint-plugin-import,top,5,0.776,0.0316,0.7587
electron-store,middle,5,0.7759,0.04,0.7635
koa-connect,middle,5,0.7756,0.011,0.7793
lark-router,bottom,5,0.7755,0.0063,0.7744
geojson-summary,bottom,5,0.7754,0.0093,0.7772
gitbook-plugin-lexicon,bottom,5,0.7751,0.012,0.7794
hash.js,top,5,0.7737,0.0167,0.7686
gulp-develop-server,middle,5,0.7735,0.0062,0.7741
droonga-http-server,bottom,5,0.7726,0.0137,0.7722
rollup-plugin-multi-entry,middle,5,0.7718,0.0203,0.7829
color-support,top,5,0.7712,0.049,0.7954
prom-client,middle,5,0.7697,0.0118,0.766
default-require-extensions,top,5,0.7691,0.0044,0.7689
vue-component-compiler,middle,5,0.7691,0.0061,0.7683
util-deprecate,top,5,0.7685,0.0443,0.7505
karma-bamboo-reporter,bottom,5,0.7684,0.0158,0.7646
loopback-swagger,middle,5,0.7683,0.0051,0.7706
dotpath-compile,bottom,5,0.7681,0.0182,0.771
react-notification-system,middle,5,0.7679,0.0076,0.7711
arpisea,bottom,5,0.7672,0.0793,0.7977
es6-project-starter-kit,bottom,5,0.7666,0.0109,0.7672
ember-dropkick,bottom,5,0.7649,0.0249,0.7629
google-maps-react,middle,5,0.7639,0.0043,0.7618
gulp-dotjs-packer,bottom,5,0.7634,0.0112,0.7654
stream-http,top,5,0.7631,0.0352,0.7685
escape-string-regexp,top,5,0.763,0.0241,0.7748
int64-buffer,middle,5,0.763,0.0206,0.7606
react-share,middle,5,0.7627,0.006,0.7626
url-parse,top,5,0.7626,0.0145,0.7637
npm-installer,middle,5,0.7621,0.008,0.7602
fetch-ponyfill,middle,5,0.761,0.0121,0.7571
karma-jasmine-jquery,middle,5,0.7609,0.0187,0.7543
node-app-root-dir,middle,5,0.7597,0.0113,0.7569
gulp-espower,middle,5,0.7597,0.0229,0.7623
elliptic,top,5,0.7594,0.0282,0.749
gulp-atom-electron,middle,5,0.7592,0.0194,0.7629
shallow-clone,top,5,0.759,0.0223,0.7582
webpack-cleanup-plugin,middle,5,0.7581,0.0145,0.7578
generator-utils,bottom,5,0.758,0.027,0.7553
rework-plugin-function,middle,5,0.7575,0.0115,0.7619
electron-window-state,middle,5,0.7572,0.0163,0.7557
generator-appsngen-web-widget,bottom,5,0.7571,0.0084,0.7551
copy-webpack-plugin,top,5,0.7564,0.0201,0.7499
unit.js,middle,5,0.7561,0.0311,0.7518
browserify-des,top,5,0.7561,0.0217,0.76
innkeeper-storememory,bottom,5,0.7557,0.0204,0.7632
node-homedir,middle,5,0.7557,0.0171,0.7472
angular-ziptastic,bottom,5,0.7554,0.0152,0.7573
grunt-blogbuilder,bottom,5,0.7552,0.0157,0.7574
generator-videojs-plugin,bottom,5,0.7551,0.0071,0.7547
delighted-node,bottom,5,0.7548,0.0197,0.7464
detect-port,top,5,0.7546,0.0144,0.762
gulp-changed-in-place,middle,5,0.7543,0.0246,0.7598
hapi-jwt,bottom,5,0.7528,0.0086,0.7549
fs-write-stream-atomic,top,5,0.7525,0.0043,0.7535
grunt-caveman,bottom,5,0.752,0.0203,0.747
postcss-calc,top,5,0.7519,0.0092,0.7501
i18next-sprintf-postProcessor,middle,5,0.7519,0.0179,0.7557
eslint-config-react,middle,5,0.7517,0.019,0.757
to-fast-properties,top,5,0.7517,0.0098,0.7571
gitbook,middle,5,0.7516,0.0169,0.7506
is-generator-fn,top,5,0.7516,0.035,0.7401
react-svg-loader,middle,5,0.7516,0.0036,0.7503
karma-chai-factories,bottom,5,0.751,0.018,0.7582
eslint-config-node-style-guide,middle,5,0.7509,0.0015,0.7512
ampersand-radio-view,bottom,5,0.7508,0.0184,0.7504
karma-webpack,top,5,0.7507,0.0162,0.7431
react-resizable,middle,5,0.7505,0.0108,0.7495
global-prefix,top,5,0.7503,0.0316,0.7461
git-latest-semver-tag,middle,5,0.75,0.0155,0.7487
ember-browserify,middle,5,0.7497,0.0171,0.7511
eslint-plugin-github,middle,5,0.7495,0.005,0.7499
loglog-server-mongodb,bottom,5,0.7493,0.0163,0.7558
ember-cli-typescript,middle,5,0.7488,0.0108,0.749
homedir-polyfill,top,5,0.7487,0.0646,0.7794
stackframe,top,5,0.7485,0.0071,0.7489
node-json-rest-client,bottom,5,0.7482,0.0051,0.7504
node-local-config,bottom,5,0.7481,0.008,0.7522
utfstring,middle,5,0.7477,0.0124,0.7498
is-svg,top,5,0.7476,0.0096,0.7492
broccoli-csssplit,bottom,5,0.7463,0.0196,0.7512
latest-version,top,5,0.7463,0.0208,0.7539
heroku-proxy,bottom,5,0.7458,0.0088,0.7407
redux-thunk,top,5,0.7456,0.0144,0.7425
clone-deep,top,5,0.7454,0.0178,0.7359
buffer-xor,top,5,0.7454,0.0282,0.7329
map-visit,top,5,0.7453,0.0151,0.7504
postcss-selector-matches,top,5,0.7452,0.0236,0.747
node-artstack,bottom,5,0.7447,0.0227,0.7296
fredApi,bottom,5,0.744,0.007,0.7407
electron-reload,middle,5,0.7435,0.0435,0.7266
caller-callsite,top,5,0.7434,0.0096,0.7386
webpack-sources,top,5,0.7431,0.0379,0.7214
vux-loader,middle,5,0.7426,0.0171,0.74
dom-replace-html-stream,bottom,5,0.7425,0.0105,0.745
hapi-boom-jsend,bottom,5,0.7424,0.0094,0.7441
grunt-stylus-base-files,bottom,5,0.7414,0.0248,0.7367
has-key-deep,bottom,5,0.7413,0.0133,0.7443
is-fullwidth-code-point,top,5,0.7412,0.0228,0.7368
normalize-url,top,5,0.7409,0.0164,0.7435
becklyn-gulp,bottom,5,0.7407,0.0053,0.7423
confy-node,bottom,5,0.7407,0.0125,0.7435
scss-tokenizer,top,5,0.7403,0.0196,0.7381
esformatter-quotes,middle,5,0.7401,0.0091,0.743
node-ansi,bottom,5,0.7394,0.0067,0.738
broccoli-ng-templatecache,bottom,5,0.7393,0.0113,0.745
fast-json-stringify,middle,5,0.7392,0.0132,0.7357
Fritbot,bottom,5,0.7391,0.0144,0.7372
bin-pack,middle,5,0.7391,0.0108,0.7405
loopback-component-passport,middle,5,0.739,0.0337,0.7409
semver-diff,top,5,0.739,0.0486,0.7679
rework-plugin-url,middle,5,0.7389,0.0084,0.7419
jxt-atom,bottom,5,0.738,0.0172,0.7414
leven,top,5,0.7376,0.0248,0.7291
electron-squirrel-startup,middle,5,0.7369,0.0192,0.7352
npm-name,middle,5,0.7369,0.0158,0.7282
deferred-interval,bottom,5,0.7367,0.006,0.7371
joi-assert,middle,5,0.7358,0.026,0.7409
ember-sinon,middle,5,0.7357,0.0329,0.7239
animator-css,middle,5,0.7357,0.0154,0.7403
superagent-promise,middle,5,0.735,0.0239,0.7437
gulp-wrapper,middle,5,0.7346,0.0202,0.7382
cordova-lib,middle,5,0.7332,0.0028,0.7333
is-dotfile,top,5,0.7331,0.0205,0.7303
base64-img,middle,5,0.7331,0.0164,0.7357
react-beautiful-dnd,middle,5,0.733,0.0102,0.7314
closest,middle,5,0.7327,0.0299,0.7271
git-clone,middle,5,0.7322,0.0195,0.74
html-webpack-harddisk-plugin,middle,5,0.7307,0.0135,0.7288
random-item,middle,5,0.7307,0.0197,0.7324
fastft-api-client,bottom,5,0.7305,0.0073,0.7268
ansi-regex,top,5,0.7301,0.0078,0.7303
react-dropdown,middle,5,0.7293,0.0092,0.7236
2048term,bottom,5,0.7285,0.022,0.7329
gitbook-plugin-comments,bottom,5,0.7285,0.0061,0.7301
safe-buffer,top,5,0.7283,0.0783,0.6757
is-accessor-descriptor,top,5,0.728,0.0027,0.728
react-redux,top,5,0.7277,0.044,0.7397
karma-electron,middle,5,0.7276,0.0114,0.7248
grunt-gulp,middle,5,0.7271,0.0165,0.7317
spdy-transport,top,5,0.7271,0.0533,0.7418
download-email-attachments,bottom,5,0.7269,0.0167,0.7294
giphy-api,middle,5,0.7257,0.0153,0.7217
lark-views,bottom,5,0.7255,0.0084,0.7272
friendly-errors-webpack-plugin,top,5,0.7254,0.0094,0.7238
is-absolute,top,5,0.7252,0.0141,0.727
is-travis,middle,5,0.7251,0.0336,0.7214
strict-uri-encode,top,5,0.7249,0.0254,0.7249
ioBroker.js-controller,bottom,5,0.7246,0.0138,0.721
beercalc_js,bottom,5,0.7242,0.0072,0.7217
vue-moment,middle,5,0.7241,0.0185,0.7256
builtin-status-codes,top,5,0.7237,0.0179,0.7159
camelcase-keys,top,5,0.7232,0.025,0.7136
autod-egg,middle,5,0.7232,0.0444,0.7451
querystringify,top,5,0.723,0.0231,0.712
unescape-js,middle,5,0.7227,0.0411,0.738
bonjour,top,5,0.7225,0.0529,0.7326
msgpack-lite,middle,5,0.7224,0.0188,0.7323
postcss-parser-tests,middle,5,0.7223,0.0354,0.7285
binary-extensions,top,5,0.7222,0.0239,0.7351
node-jwks-rsa,middle,5,0.7222,0.012,0.7262
is-typedarray,top,5,0.7222,0.0336,0.7208
grunt-npm-helper,bottom,5,0.722,0.0097,0.7236
fs-temp,middle,5,0.7214,0.0227,0.7265
os-locale,top,5,0.7209,0.0359,0.7247
longest,top,5,0.7207,0.0376,0.7323
postcss-inline-svg,middle,5,0.7206,0.0063,0.7197
backbone.declarative.views,bottom,5,0.7198,0.0103,0.7174
gulp-strip-css-comments,middle,5,0.7195,0.0356,0.7156
load-grunt-configs,middle,5,0.7194,0.0171,0.7233
snapdragon-util,top,5,0.7194,0.0408,0.7427
browserify-dev-bundler,bottom,5,0.7193,0.0043,0.7193
serve-favicon,top,5,0.7192,0.0158,0.7157
pug-cli,middle,5,0.7188,0.0383,0.7168
carcass-program,bottom,5,0.7188,0.0303,0.7263
got,top,5,0.7188,0.0523,0.7461
postcss-modules-local-by-default,top,5,0.7181,0.0381,0.7003
mocha-text-cov,middle,5,0.718,0.0086,0.7127
gulp-es6-module-jstransform,bottom,5,0.7179,0.0146,0.7229
registry-url,top,5,0.7176,0.0733,0.7444
console.table,middle,5,0.7175,0.0123,0.7145
sort-by,middle,5,0.7166,0.0167,0.7158
fluxxor-autobind,bottom,5,0.7166,0.0179,0.7178
modify-babel-preset,middle,5,0.7161,0.0184,0.7186
ass-to-vtt,bottom,5,0.7156,0.0149,0.7227
parse-torrent,middle,5,0.7155,0.0244,0.728
cli-cursor,top,5,0.7154,0.0176,0.7164
hapi-cors-headers,middle,5,0.7151,0.0098,0.7156
node-constant-contact,bottom,5,0.7146,0.0194,0.725
es-abstract,top,5,0.7145,0.0176,0.7256
node-MarkerWithLabel,middle,5,0.7144,0.0105,0.7106
ember-assign-polyfill,middle,5,0.7141,0.0133,0.7141
bip32-wallet,bottom,5,0.7138,0.008,0.7122
vuex-i18n,middle,5,0.7136,0.0357,0.7026
webidl-conversions,top,5,0.7135,0.0208,0.7085
builtin-modules,top,5,0.7135,0.0094,0.7183
grunt-serve,middle,5,0.713,0.0225,0.7038
babel-plugin-dynamic-import-node,top,5,0.7126,0.0083,0.7099
daily-comic.js,bottom,5,0.7125,0.0096,0.7115
multireducer,middle,5,0.7123,0.0123,0.7129
concat-image,bottom,5,0.7122,0.0189,0.7105
react-collapse,middle,5,0.7115,0.016,0.703
react-sticky,middle,5,0.7112,0.0156,0.713
is-number,top,5,0.711,0.0162,0.7149
in-publish,top,5,0.7105,0.0296,0.7063
react-mounter,middle,5,0.7103,0.0273,0.7106
hapi-auth-jwt2,middle,5,0.7101,0.0122,0.7097
vary,top,5,0.7093,0.052,0.7297
internal-ip,top,5,0.7092,0.0266,0.7212
import-lazy,top,5,0.7091,0.0224,0.697
postcss-font-variant,top,5,0.7085,0.0267,0.7114
hexo-cli,middle,5,0.7085,0.0245,0.7091
cross-env,top,5,0.7083,0.0186,0.7138
gzip-size,top,5,0.7078,0.0149,0.71
object-hash,top,5,0.7077,0.0123,0.7054
http-errors,top,5,0.7077,0.0197,0.7153
algoliasearch-helper-js,middle,5,0.7075,0.0107,0.7146
edp-bcs,bottom,5,0.7074,0.0374,0.7114
grunt-api-meta,bottom,5,0.7072,0.0175,0.7115
dependency-injection,middle,5,0.7051,0.0624,0.7
webpack-middleware,middle,5,0.7046,0.0155,0.7144
is-descriptor,top,5,0.7045,0.017,0.6972
dom-serialize,top,5,0.7044,0.0057,0.7051
grunt-metascript,bottom,5,0.7041,0.0136,0.6963
stream-to-promise,middle,5,0.704,0.0133,0.7005
loopback-phase,middle,5,0.704,0.0233,0.7042
define-properties,top,5,0.7038,0.0107,0.7081
lintspaces-cli,middle,5,0.7035,0.0184,0.7129
telegraf,middle,5,0.7035,0.0341,0.6914
decompress-response,top,5,0.7033,0.021,0.7067
md5.js,top,5,0.7031,0.0092,0.7036
flush-write-stream,top,5,0.703,0.0126,0.6994
github-todos,bottom,5,0.7026,0.0208,0.6987
randomatic,top,5,0.7023,0.0305,0.7074
split-string,top,5,0.7023,0.0183,0.704
map-cache,top,5,0.7023,0.0215,0.6992
tslint-ionic-rules,middle,5,0.7022,0.0366,0.6792
RegExp.prototype.flags,top,5,0.7017,0.013,0.7035
email-obfuscator,bottom,5,0.7016,0.0257,0.703
breeze.js.bower,bottom,5,0.7012,0.0031,0.7022
blum,bottom,5,0.7012,0.0437,0.7158
node-logify,bottom,5,0.7008,0.0206,0.6909
morgan,top,5,0.7007,0.0125,0.7006
postcss-css-variables,middle,5,0.7006,0.0154,0.7032
parse-mongo-url,middle,5,0.7004,0.0121,0.6997
simple-sha1,middle,5,0.7001,0.017,0.6967
gulp-subtree,middle,5,0.6999,0.0135,0.7067
babelify,top,5,0.6998,0.0484,0.7165
node-language-spawn,bottom,5,0.6997,0.0146,0.6963
unc-path-regex,top,5,0.6993,0.0342,0.6806
istanbul-instrumenter-loader,top,5,0.6992,0.0289,0.7116
react-with-styles,middle,5,0.6981,0.0109,0.6951
gulp-base64,middle,5,0.6977,0.0251,0.6995
caller-path,top,5,0.6976,0.0257,0.7049
css-declaration-sorter,top,5,0.6974,0.0127,0.6931
node-comment-json,middle,5,0.6972,0.0296,0.6862
cors,middle,5,0.6971,0.0043,0.6982
chemical-symbols,bottom,5,0.697,0.0572,0.7032
koa-barista,bottom,5,0.6969,0.0722,0.6627
standard-format,middle,5,0.6968,0.0245,0.7026
statuses,top,5,0.6967,0.036,0.7009
bloggy-marked-toc,bottom,5,0.6966,0.023,0.711
simctl,middle,5,0.6966,0.0081,0.6976
apimock-middleware,bottom,5,0.6963,0.0103,0.6932
strip-bom,top,5,0.6956,0.0271,0.7005
denodeify,top,5,0.6952,0.0112,0.6929
koa-helmet,middle,5,0.6951,0.0207,0.701
is-localhost,bottom,5,0.694,0.0085,0.6999
gulp-jsdoc,middle,5,0.694,0.0227,0.6926
ga-localstorage,bottom,5,0.6934,0.0045,0.6919
angular-nl2br,bottom,5,0.6934,0.0204,0.6916
trim-newlines,top,5,0.6934,0.0164,0.6998
redux-devtools-themes,middle,5,0.6933,0.0122,0.6893
is-primitive,top,5,0.693,0.0196,0.6946
eslint-plugin,middle,5,0.693,0.0174,0.6934
class-utils,top,5,0.6924,0.0373,0.6903
underscore-template-loader,middle,5,0.6924,0.0076,0.688
MetaScript,middle,5,0.6922,0.0262,0.6981
is-equal-shallow,top,5,0.6922,0.0185,0.698
markdown-it-deflist,middle,5,0.6921,0.0132,0.6992
react-dock,middle,5,0.692,0.0142,0.6949
unit-coverage,middle,5,0.6913,0.0226,0.7035
angular-integer,bottom,5,0.6911,0.0202,0.6987
socket.io-adapter,top,5,0.6909,0.0146,0.6908
html-pipe,bottom,5,0.6904,0.0191,0.6972
node-language-exec,bottom,5,0.6903,0.0072,0.6889
clusterjs,bottom,5,0.6901,0.0087,0.6907
normalize-newline,middle,5,0.6898,0.0313,0.7037
express-react-views,middle,5,0.6886,0.0175,0.6883
hexo-migrator-joomla,bottom,5,0.6885,0.0176,0.6816
markdown-it-mark,middle,5,0.6883,0.0318,0.6991
builder-coffee,bottom,5,0.688,0.0139,0.6902
stream-assert,middle,5,0.6876,0.0106,0.6841
mongoose-deep-populate,middle,5,0.6873,0.0149,0.6873
catbox-s3,bottom,5,0.687,0.0134,0.6837
latex-watcher,bottom,5,0.6865,0.0205,0.6883
extend-shallow,top,5,0.6864,0.0114,0.6852
node-cross-spawn,top,5,0.6863,0.0122,0.6847
fuzzy-search,middle,5,0.6857,0.019,0.6809
object.pick,top,5,0.6855,0.009,0.6833
find-cache-dir,top,5,0.6849,0.0093,0.6855
node-gcm-cli,bottom,5,0.6848,0.0361,0.6953
path-exists,top,5,0.6841,0.0313,0.6844
format-url,bottom,5,0.6833,0.0039,0.683
mocha.parallel,middle,5,0.6828,0.0057,0.6837
generator-react-gulp-browserify,bottom,5,0.6827,0.0121,0.6881
knockout-else,bottom,5,0.6827,0.01,0.6773
jekyll-meta-from-markdown,bottom,5,0.6824,0.0153,0.6855
googlefonts,bottom,5,0.6822,0.0122,0.6795
hexo-generator-json-content,middle,5,0.6817,0.032,0.6743
generator-npm-module,bottom,5,0.6816,0.0833,0.6501
file-type,top,5,0.6816,0.0393,0.6886
react-static-container,middle,5,0.681,0.0118,0.6778
gulp-imacss,bottom,5,0.6809,0.0215,0.677
uniqid,top,5,0.6805,0.0155,0.6878
postcss-custom-media,top,5,0.6805,0.0259,0.664
etag,top,5,0.68,0.0083,0.6801
filetobase64,bottom,5,0.6798,0.0168,0.6828
js-m4,bottom,5,0.6793,0.0376,0.6734
serve-static,top,5,0.6793,0.0336,0.6793
babel-plugin-webpack-alias,middle,5,0.6789,0.0135,0.6754
excuses,bottom,5,0.6787,0.0484,0.6795
parse-filepath,top,5,0.6787,0.008,0.6762
jshint-reporter-bamboo,bottom,5,0.6787,0.0094,0.6785
geohash-poly,bottom,5,0.6785,0.012,0.6799
nanomatch,top,5,0.6785,0.0222,0.6904
loader-runner,top,5,0.6784,0.0105,0.6759
bootstrap-sass-loader,middle,5,0.6783,0.0124,0.6766
meanio,middle,5,0.6782,0.0197,0.6775
snapdragon,top,5,0.6781,0.0217,0.6697
edx-modulestore-node,bottom,5,0.678,0.0217,0.6869
apostrophe-facebook,bottom,5,0.6777,0.0142,0.6745
has-ansi,top,5,0.6769,0.0411,0.6859
directory-path,bottom,5,0.6769,0.0445,0.6715
npmi,middle,5,0.676,0.0654,0.7076
browser-process-hrtime,top,5,0.6753,0.0058,0.6731
express-request-proxy,middle,5,0.6749,0.0321,0.6612
bloggy,bottom,5,0.6744,0.0118,0.6693
markdown-extensions,middle,5,0.6743,0.0324,0.6827
node-multispinner,middle,5,0.6741,0.0302,0.668
is-data-descriptor,top,5,0.6739,0.0253,0.6841
rollup-plugin-bundle-size,middle,5,0.6737,0.0054,0.673
isomorphic-form-data,middle,5,0.6733,0.0145,0.6697
is-path-inside,top,5,0.6732,0.0313,0.6684
callsites,top,5,0.6721,0.0176,0.6711
classnames,top,5,0.6721,0.0694,0.6393
karma-nunjucks,bottom,5,0.6719,0.0059,0.6701
validate-npm-package-license.js,top,5,0.6717,0.0147,0.6648
universal-router,middle,5,0.6714,0.0112,0.6709
unassertify,middle,5,0.6714,0.0147,0.6722
regjsgen,top,5,0.6713,0.0062,0.669
beautify-lint,middle,5,0.671,0.0075,0.6706
cookie-parser,top,5,0.6703,0.0138,0.6681
backbone-computed-properties,bottom,5,0.6703,0.0121,0.6668
karma-jasmine-cucumber,bottom,5,0.6695,0.0286,0.6589
eslint-config-kentcdodds,middle,5,0.6675,0.0035,0.6679
joi-machine,bottom,5,0.6673,0.04,0.6871
is-builtin-module,top,5,0.667,0.0435,0.6811
browserify-hmr,middle,5,0.6669,0.0046,0.6692
node-language-detect-spawn,bottom,5,0.6667,0.0109,0.6631
filename-regex,top,5,0.6664,0.0081,0.6681
diffie-hellman,top,5,0.6664,0.0108,0.6661
json-stringify-pretty-compact,middle,5,0.6661,0.0083,0.6671
callback-wrapper,bottom,5,0.6661,0.0149,0.6646
hershey,bottom,5,0.6657,0.028,0.6518
hapi-monit,bottom,5,0.665,0.0146,0.6645
date-math,middle,5,0.665,0.0017,0.6652
is-regexp,top,5,0.6648,0.0099,0.6633
array-fill,bottom,5,0.6647,0.012,0.6669
require-in-the-middle,middle,5,0.6638,0.04,0.6754
frozen-express,bottom,5,0.6632,0.0135,0.66
gulp-standard,middle,5,0.6628,0.0531,0.6573
replace-ext,top,5,0.6627,0.0067,0.6674
geojson-vt,middle,5,0.6627,0.0419,0.6466
source-map-resolve,top,5,0.6626,0.023,0.6518
gulp-cdn-ref,bottom,5,0.6626,0.0516,0.6354
finalhandler,top,5,0.6625,0.067,0.6482
spdx-expression-parse.js,top,5,0.6613,0.021,0.6672
cyclon.p2p-rtc-client,bottom,5,0.661,0.0058,0.6639
lazy-cache,top,5,0.6608,0.0044,0.6633
validate-npm-package-name,top,5,0.6608,0.013,0.6646
nth-check,top,5,0.6608,0.019,0.6619
broccoli-splitter,bottom,5,0.6604,0.0307,0.6683
node-argx,middle,5,0.6603,0.0308,0.6445
rss,bottom,5,0.6596,0.0089,0.6631
rollup-plugin-istanbul,middle,5,0.6595,0.0084,0.6583
prop-types,top,5,0.6587,0.005,0.6565
busylight,bottom,5,0.6586,0.0114,0.6573
leo-platform-arduino,bottom,5,0.6584,0.0354,0.6704
gl-mat4,middle,5,0.6583,0.0082,0.6587
react-inline-css,middle,5,0.6581,0.0082,0.6596
gzip-size-cli,middle,5,0.6576,0.044,0.6489
is-async-supported,middle,5,0.6574,0.0498,0.6797
is-obj,top,5,0.6571,0.0281,0.6594
connect-weinre-injector,bottom,5,0.6567,0.0235,0.6576
is-relative,top,5,0.6563,0.0275,0.6488
is-buffer,top,5,0.6561,0.0576,0.6311
grunt-protractor-coverage,middle,5,0.656,0.024,0.6487
gardr-plugin-ext-burt,bottom,5,0.6558,0.0307,0.6594
v8flags,top,5,0.6557,0.0472,0.654
set-value,top,5,0.6546,0.0122,0.6562
esbeautifier,middle,5,0.6544,0.0064,0.6563
exec-sh,top,5,0.6541,0.0292,0.6593
karma-lodash-template-preprocessor,bottom,5,0.654,0.0055,0.6568
npm-utils,middle,5,0.6535,0.0039,0.6524
gaffa-frame,bottom,5,0.6534,0.0068,0.6523
gulp-hub,middle,5,0.6521,0.0169,0.6502
detect-rename,bottom,5,0.6519,0.0247,0.6649
amqp.channel,bottom,5,0.6515,0.014,0.6543
webpack-hot-middleware,top,5,0.6514,0.0089,0.6525
flagged-respawn,top,5,0.6514,0.0492,0.6381
postcss-opacity,middle,5,0.6512,0.0054,0.6502
OwlCarousel2,middle,5,0.651,0.0384,0.6489
package-json-versionify,middle,5,0.6506,0.0146,0.6515
bitbucket-ips,bottom,5,0.6506,0.0113,0.6485
code-snippets,bottom,5,0.6502,0.0023,0.6489
content-disposition,top,5,0.6501,0.0572,0.6618
array-unique,top,5,0.6493,0.0271,0.6581
m3u8downloader,bottom,5,0.6487,0.0246,0.6589
github-jobs,bottom,5,0.6475,0.0138,0.6418
node-url,top,5,0.6471,0.0109,0.653
ember-cli-github-pages,middle,5,0.6471,0.0087,0.644
eslint-plugin-standard,top,5,0.647,0.029,0.6365
throng,middle,5,0.6469,0.0289,0.6603
websocket-extensions-node,top,5,0.6467,0.0049,0.6445
detect-newline,top,5,0.646,0.0237,0.6428
lego-client,bottom,5,0.6449,0.0135,0.6493
mocha-clean,middle,5,0.6439,0.0328,0.6602
angular-directive-boilerplate,bottom,5,0.6435,0.0075,0.6453
slack-bot-api,middle,5,0.6431,0.0033,0.6424
resolve-from,top,5,0.6426,0.0148,0.6442
parse-gitignore,middle,5,0.6424,0.0218,0.6508
postcss-import,top,5,0.6423,0.0235,0.6505
is-plain-obj,top,5,0.6423,0.0397,0.6289
postcss-message-helpers,top,5,0.6421,0.0129,0.639
array-uniq,top,5,0.6418,0.0017,0.6424
redux-undo,middle,5,0.6415,0.0087,0.641
cantina-app-users,bottom,5,0.6415,0.0044,0.6427
proxy-addr,top,5,0.6411,0.0107,0.6374
custom-event,top,5,0.6403,0.0165,0.6436
cache-wrapper,bottom,5,0.6403,0.0238,0.6411
node-assetmanager,middle,5,0.6402,0.0151,0.6477
dialog,bottom,5,0.6401,0.0378,0.6383
jsos-util,bottom,5,0.6396,0.0166,0.6316
on-headers,top,5,0.6394,0.0109,0.6378
define-exceptions,bottom,5,0.6393,0.0091,0.6428
displayer-api-client,bottom,5,0.6387,0.0041,0.6389
json-readdir-stream,bottom,5,0.6384,0.0161,0.6303
indent-string,top,5,0.6379,0.0186,0.6347
gocd-api,bottom,5,0.6379,0.0232,0.6355
js-sha256,middle,5,0.6376,0.0203,0.6296
flickity,middle,5,0.6369,0.0218,0.6384
shebang-regex,top,5,0.6369,0.0258,0.6488
karma-ng-server-side-template2js-preprocessor,bottom,5,0.6367,0.0152,0.6319
i18next-xhr-backend,middle,5,0.6363,0.012,0.6341
gulp-pleeease,middle,5,0.6362,0.0548,0.6378
clui,middle,5,0.6345,0.0137,0.6409
grunt-htmllint-http,bottom,5,0.6341,0.0327,0.6147
contains-path,top,5,0.6341,0.023,0.6408
path-loader,middle,5,0.6338,0.0131,0.6295
parse-json,top,5,0.6336,0.0191,0.6221
template-html-loader,middle,5,0.6333,0.01,0.634
to-ico,middle,5,0.6329,0.0536,0.6536
node-sshpk,top,5,0.6328,0.0122,0.6314
trash-cli,middle,5,0.6326,0.0316,0.6386
itbit,bottom,5,0.6326,0.0633,0.6549
generate-function,top,5,0.6315,0.0127,0.6347
prepend-http,top,5,0.6314,0.0068,0.6293
repeat-string,top,5,0.6314,0.0125,0.6277
reduce-css-calc,top,5,0.6313,0.0096,0.6336
assign-symbols,top,5,0.6301,0.0192,0.6239
top-gh-contribs,middle,5,0.6292,0.0425,0.6123
docker-pull,bottom,5,0.6292,0.0409,0.6147
shebang-command,top,5,0.6292,0.0371,0.6112
exp-asynccache,bottom,5,0.629,0.0607,0.614
postcss-easings,middle,5,0.6287,0.0097,0.6285
try-require,middle,5,0.6285,0.0167,0.6312
gitbook-grvis,bottom,5,0.6285,0.0144,0.6317
memory-fs,top,5,0.6282,0.0287,0.6317
thorJS-builder,bottom,5,0.628,0.0092,0.6287
check-pages,middle,5,0.6277,0.0162,0.621
fontpath,bottom,5,0.6271,0.0141,0.6202
babel-plugin-transform-react-remove-prop-types,top,5,0.6267,0.0203,0.6337
is-ci,top,5,0.6267,0.0541,0.6339
color-name,top,5,0.6264,0.011,0.6228
csv-join,bottom,5,0.6263,0.0151,0.6192
node-ifconfig-parser,bottom,5,0.6263,0.0228,0.6287
first-chunk-stream,top,5,0.6263,0.0386,0.6128
colorzy,bottom,5,0.6262,0.0191,0.6327
stream-each,top,5,0.625,0.0295,0.6219
react-hot-loader,top,5,0.6249,0.0168,0.6324
afinn-96,bottom,5,0.6247,0.023,0.6293
crop-rotate-and-sample-in-browser,bottom,5,0.6241,0.0222,0.6303
react-click-outside,middle,5,0.6234,0.0118,0.6277
normalize-path,top,5,0.6232,0.0325,0.6295
react-flip-move,middle,5,0.6231,0.0172,0.6261
createECDH,top,5,0.623,0.0098,0.6199
aws-instances,bottom,5,0.6228,0.0059,0.6217
remote-form,bottom,5,0.6227,0.0037,0.6221
load-json-file,top,5,0.6227,0.0072,0.622
rc-config-loader,middle,5,0.6224,0.0244,0.6199
eris,middle,5,0.622,0.0279,0.6169
url-parse-lax,top,5,0.622,0.0329,0.6219
is-directory,top,5,0.6218,0.0101,0.6208
xml-name-validator,top,5,0.6215,0.0322,0.6126
node-http-verror,bottom,5,0.6212,0.0252,0.6202
bmfont2json,bottom,5,0.62,0.0078,0.6223
chai-shallow-deep-equal,middle,5,0.6193,0.0131,0.6119
regex-cache,top,5,0.6186,0.0125,0.6266
ends-with,middle,5,0.6176,0.0337,0.6016
hugo-bin,middle,5,0.6168,0.0083,0.6165
shady-css-parser,middle,5,0.6161,0.0245,0.6108
koa-nunjucks,bottom,5,0.616,0.0304,0.6017
pkg-up,top,5,0.6158,0.0779,0.577
F.js,bottom,5,0.615,0.0296,0.6262
google-cloud-storage,bottom,5,0.614,0.0138,0.6083
glob-parent,top,5,0.614,0.0255,0.599
purifycss-webpack,middle,5,0.6132,0.0212,0.6136
nodejs-is-writable-stream,bottom,5,0.6132,0.0218,0.6183
serialize-javascript,top,5,0.6129,0.0071,0.6115
lcid,top,5,0.6126,0.0768,0.5667
asset-inliner,bottom,5,0.6123,0.0149,0.607
isstream,top,5,0.612,0.0508,0.6157
map-props,middle,5,0.6116,0.0114,0.6169
freeloader-stream,bottom,5,0.6114,0.0093,0.6116
node-ddate,bottom,5,0.6113,0.0186,0.6179
appcache-webpack-plugin,middle,5,0.6109,0.0188,0.6007
globby,top,5,0.6108,0.0352,0.618
compose-function,middle,5,0.6105,0.0304,0.5986
dropbox-auth-cli,bottom,5,0.6099,0.0254,0.6055
align-text,top,5,0.6095,0.0076,0.6111
node-language-detect-exec,bottom,5,0.6094,0.0098,0.6059
postcss-custom-selectors,top,5,0.6089,0.0199,0.6127
cluster-role,bottom,5,0.6088,0.0118,0.6089
lark-bootstrap,bottom,5,0.6087,0.0032,0.6091
find-process,middle,5,0.6087,0.0275,0.6182
electron-json-storage,middle,5,0.6085,0.0101,0.6035
gulp-p4,bottom,5,0.6079,0.0707,0.5611
watchpack,top,5,0.6078,0.0245,0.5995
gulp-jsonminify,middle,5,0.6078,0.0462,0.5873
binding,middle,5,0.6078,0.0381,0.6114
compare-versions,top,5,0.6068,0.03,0.6166
encodeurl,top,5,0.6061,0.021,0.5978
avprober,bottom,5,0.6059,0.014,0.6093
ImageServer,bottom,5,0.6057,0.0175,0.6036
postcss-prefix-selector,middle,5,0.6055,0.0132,0.599
xdg-basedir,top,5,0.6049,0.0217,0.6113
circular-dependency-plugin,top,5,0.6048,0.018,0.61
date-fns,top,5,0.6046,0.0283,0.5939
redux-auth-wrapper,middle,5,0.604,0.0148,0.6001
yauzl,top,5,0.6038,0.0361,0.6147
num2fraction,top,5,0.6033,0.0225,0.5983
postcss-custom-properties,top,5,0.603,0.007,0.6032
is-class,middle,5,0.6029,0.0222,0.6142
react-a11y,middle,5,0.6029,0.0144,0.5977
classlist-polyfill,middle,5,0.6027,0.0087,0.6047
del,top,5,0.6026,0.0343,0.6253
arr-flatten,top,5,0.6025,0.0095,0.5989
standard,top,5,0.6024,0.0217,0.6129
ify,bottom,5,0.6022,0.0255,0.5993
read-pkg,top,5,0.6005,0.0169,0.6007
map-obj,top,5,0.6003,0.0356,0.6025
imapseagull,bottom,5,0.6001,0.0058,0.5971
common-dir,middle,5,0.5998,0.0382,0.594
iso-http,bottom,5,0.5996,0.0105,0.5976
arraybuffer.slice,top,5,0.5995,0.0219,0.5937
async-each-series,top,5,0.5993,0.0227,0.6028
node-klaw,top,5,0.5993,0.0684,0.5736
process-nextick-args,top,5,0.5992,0.0522,0.5805
jpeg-recompress-bin,middle,5,0.5988,0.0156,0.592
browserify-sign,top,5,0.5987,0.0171,0.5944
dbcsv,bottom,5,0.5985,0.0423,0.6161
get-stdin,top,5,0.5982,0.0066,0.5967
is-path-cwd,top,5,0.597,0.0468,0.6192
center-align,top,5,0.596,0.0211,0.5877
global-modules,top,5,0.5955,0.0989,0.6054
dropbox-mock.js,bottom,5,0.5952,0.0111,0.5902
ios-splash-generate,bottom,5,0.5936,0.0441,0.5762
espree,top,5,0.5935,0.0249,0.5991
heartbleed.js,bottom,5,0.5932,0.0299,0.6081
python-shell,middle,5,0.5931,0.0137,0.5965
generator-bangular,bottom,5,0.5926,0.0076,0.5935
gulp-strip-comments,middle,5,0.5925,0.0157,0.5899
write-file-atomic,top,5,0.5917,0.0122,0.5966
jhipster-core,middle,5,0.5914,0.0176,0.5835
git-repository,middle,5,0.5912,0.0055,0.5876
content-type,top,5,0.5912,0.0436,0.5747
loud-rejection,top,5,0.591,0.0572,0.6219
express-wrangler,bottom,5,0.5908,0.0095,0.5937
buffered-transform,bottom,5,0.5892,0.0157,0.5893
babel-preset-es2015-mod,middle,5,0.5891,0.012,0.5854
fb-node,bottom,5,0.5885,0.005,0.5884
requires-port,top,5,0.588,0.0427,0.5845
mime-types,top,5,0.5877,0.0126,0.5896
path-parse,top,5,0.5868,0.0399,0.5677
fxos-simulators,bottom,5,0.5864,0.025,0.5945
hogan-brisket,bottom,5,0.5864,0.0566,0.5751
method-override,top,5,0.5853,0.0122,0.5843
zopflipng-bin,middle,5,0.5852,0.0074,0.5837
repeat-element,top,5,0.5851,0.0221,0.5823
strip-indent,top,5,0.5851,0.0181,0.577
require-from-string,top,5,0.5849,0.0143,0.5819
fill-range,top,5,0.5845,0.0211,0.5907
2fa,bottom,5,0.5845,0.0446,0.5663
ngtemplate-loader,middle,5,0.5843,0.0204,0.5843
parseurl,top,5,0.5832,0.031,0.6018
glogg,top,5,0.5831,0.0051,0.5843
ab-testing,bottom,5,0.5824,0.0199,0.5815
reduce-function-call,top,5,0.5824,0.017,0.5782
resource-loader,middle,5,0.5821,0.0061,0.5835
right-align,top,5,0.5816,0.0231,0.5787
express-sanitizer,middle,5,0.5813,0.0211,0.5912
Imager.jsx,bottom,5,0.5813,0.0528,0.6145
read-pkg-up,top,5,0.5808,0.0259,0.5773
express-qrcode,bottom,5,0.5805,0.0076,0.5825
comparative-selection,bottom,5,0.5804,0.0101,0.5847
jsonist,middle,5,0.5803,0.0166,0.582
ansi-wrap,top,5,0.5802,0.02,0.5831
node-bcrypt-pbkdf,top,5,0.5798,0.0111,0.5744
express-boot,bottom,5,0.5795,0.0248,0.5813
level-random,bottom,5,0.5791,0.0142,0.589
expand-brackets,top,5,0.579,0.0234,0.5837
level-fancy,bottom,5,0.5788,0.0087,0.5786
from2-string,middle,5,0.5787,0.0254,0.5765
string-width,top,5,0.5787,0.0197,0.5839
rtl-detect,middle,5,0.5784,0.0245,0.5717
key-remap,bottom,5,0.5783,0.011,0.5839
jsdoccer,bottom,5,0.5778,0.0262,0.5791
yargs-parser,top,5,0.5776,0.0154,0.5761
node-har-validator,top,5,0.5769,0.0093,0.5786
invariant,top,5,0.5767,0.0205,0.5737
sequence,middle,5,0.5754,0.0835,0.6061
to-regex-range,top,5,0.5753,0.0119,0.5715
grunt-potomo,middle,5,0.575,0.0734,0.5644
liquid-fire,middle,5,0.5749,0.1096,0.6176
mem,top,5,0.5744,0.0235,0.57
braces,top,5,0.5742,0.026,0.5763
callback-timer,bottom,5,0.5736,0.0123,0.5813
firstline,middle,5,0.5735,0.0081,0.5711
event-source-emitter,bottom,5,0.5734,0.0058,0.5708
is-path-in-cwd,top,5,0.5732,0.0186,0.5696
publicEncrypt,top,5,0.5728,0.012,0.5672
grunt-nexe,bottom,5,0.5722,0.0171,0.5784
enb-y-i18n,bottom,5,0.5716,0.0144,0.5751
ketch,bottom,5,0.5716,0.0457,0.5783
log-symbols,top,5,0.5712,0.0214,0.5749
aws-billing,bottom,5,0.5709,0.0185,0.5641
gulp-inline-css,middle,5,0.5707,0.03,0.5557
gl-vec3,middle,5,0.5704,0.0091,0.5699
bn.js,top,5,0.5702,0.0267,0.5663
isexe,top,5,0.57,0.0242,0.5646
dir-glob,top,5,0.57,0.021,0.5744
join-path,middle,5,0.57,0.019,0.5616
grunt-svgstore,middle,5,0.5695,0.012,0.5752
Validator,middle,5,0.5693,0.0098,0.5686
node-tmp-sync,middle,5,0.5692,0.0189,0.563
dustjacket,bottom,5,0.5692,0.0691,0.571
dev-web-server,bottom,5,0.5687,0.0175,0.5734
extglob,top,5,0.5682,0.0286,0.5526
stack-utils,top,5,0.5677,0.0148,0.5702
stdout-stream,top,5,0.5671,0.008,0.5702
is-extendable,top,5,0.5667,0.0085,0.5664
colormin,top,5,0.5666,0.014,0.5642
less-stream,bottom,5,0.5665,0.0161,0.5698
os-homedir,top,5,0.5662,0.036,0.5444
assetment,bottom,5,0.566,0.0064,0.5658
resolve-protobuf-schema,middle,5,0.5659,0.0141,0.5651
crossvent,middle,5,0.5655,0.0232,0.5692
serve-index,top,5,0.5655,0.0438,0.5827
any-promise,top,5,0.564,0.0284,0.5704
loadjs,middle,5,0.5638,0.0232,0.5586
co-thrift,bottom,5,0.5632,0.0261,0.5762
ghost-export,bottom,5,0.5626,0.0086,0.5658
createHash,top,5,0.5616,0.0279,0.558
set-immediate-shim,top,5,0.5616,0.0361,0.5552
calendar-matrix,bottom,5,0.5613,0.0121,0.5631
m-date-picker,middle,5,0.5604,0.0069,0.563
iconify,bottom,5,0.5599,0.0173,0.5553
node-basecontroller-core,bottom,5,0.5599,0.0086,0.5615
configurable-http-proxy,bottom,5,0.5597,0.0756,0.529
normalize-range,top,5,0.5591,0.0181,0.5665
csstree,top,5,0.5587,0.0144,0.5617
iframe-api,bottom,5,0.5586,0.0085,0.56
ghusers,bottom,5,0.5583,0.0125,0.5552
widest-line,top,5,0.5564,0.0186,0.5522
generator-readme,bottom,5,0.5564,0.0053,0.5558
BaseCRM,bottom,5,0.5564,0.0075,0.558
koala,middle,5,0.5563,0.0176,0.5648
find-up,top,5,0.5555,0.0184,0.553
point-geometry,middle,5,0.5553,0.0093,0.5555
js-peer-info,middle,5,0.5551,0.008,0.5552
invert-kv,top,5,0.555,0.0148,0.5587
is-windows,top,5,0.5547,0.0449,0.5254
media-typer,top,5,0.5544,0.0081,0.5507
ncname,top,5,0.5542,0.0179,0.5548
dns-packet,top,5,0.5541,0.0514,0.5392
mixin-deep,top,5,0.5533,0.0161,0.5579
ftp-generate-response,bottom,5,0.5529,0.021,0.5473
vue-touch,middle,5,0.5528,0.0084,0.552
vinyl-source-stream,top,5,0.5527,0.0111,0.553
isModule,bottom,5,0.5525,0.0338,0.5502
gulp-sloc,bottom,5,0.5524,0.0502,0.5302
dot-prop,top,5,0.5523,0.0285,0.5484
boxen,top,5,0.5522,0.0412,0.5733
mimic-fn,top,5,0.5519,0.026,0.5467
aos,middle,5,0.5515,0.0411,0.5346
queue-anim,middle,5,0.5513,0.021,0.5448
card-dealer,bottom,5,0.5511,0.0074,0.5474
jpegoptim-bin,middle,5,0.5507,0.0303,0.558
esri-dump,bottom,5,0.5505,0.0119,0.5458
hotkeys,middle,5,0.55,0.0114,0.549
less-runner,bottom,5,0.5499,0.0152,0.551
broccoli-autoprefixer,middle,5,0.5492,0.0249,0.5396
codewars,bottom,5,0.5492,0.0036,0.5511
webpack-bundle-analyzer,top,5,0.549,0.0103,0.5472
is-root,top,5,0.5489,0.0133,0.5539
inject-lr-script,middle,5,0.5477,0.0657,0.5359
expand-range,top,5,0.5473,0.0366,0.5641
is-my-json-valid,top,5,0.5455,0.0188,0.5386
setprototypeof,top,5,0.5455,0.0263,0.5554
pbkdf2,top,5,0.5448,0.0355,0.5522
node-test-runner,middle,5,0.5437,0.0066,0.543
opt-cli,middle,5,0.5432,0.0131,0.5462
is-keyword,bottom,5,0.5431,0.011,0.5427
config-lite,middle,5,0.543,0.013,0.5415
import-glob-loader,middle,5,0.5425,0.0083,0.5399
wrap-ansi,top,5,0.5421,0.0234,0.5341
spdx-correct.js,top,5,0.5414,0.0134,0.5493
resolve-cwd,top,5,0.5414,0.0167,0.5387
javascript-sdk,middle,5,0.5414,0.011,0.5364
relative,middle,5,0.5413,0.0162,0.5441
webidl2js,middle,5,0.5413,0.0406,0.5427
regextras,middle,5,0.5412,0.0083,0.5397
sass-graph,top,5,0.5411,0.0346,0.5366
buzzfeed-headlines,bottom,5,0.5407,0.0171,0.5334
String.prototype.trimRight,top,5,0.5405,0.0465,0.5261
is-type-of,middle,5,0.5403,0.0146,0.5477
assert-http,bottom,5,0.5401,0.0192,0.5456
merkle-lib,middle,5,0.5399,0.0194,0.5428
get-value,top,5,0.539,0.0214,0.5467
to-arraybuffer,top,5,0.5383,0.0406,0.5531
pushdata-bitcoin,middle,5,0.5377,0.0415,0.5258
is-online,middle,5,0.5376,0.0237,0.5376
remove-markdown,middle,5,0.5376,0.0094,0.538
ci-info,top,5,0.5372,0.0349,0.5374
collection-visit,top,5,0.5366,0.0169,0.534
memfs,middle,5,0.5366,0.0294,0.5471
pseudomap,top,5,0.5365,0.0251,0.5401
node-logentries-retrieving-log,bottom,5,0.5363,0.0112,0.5342
geo-tree,bottom,5,0.5356,0.0187,0.5294
errorhandler,top,5,0.5356,0.0111,0.5284
ampersand-model-patch-mixin,bottom,5,0.5355,0.0145,0.5383
get-stream,top,5,0.5353,0.0157,0.5249
json-web-crawler,bottom,5,0.5351,0.0192,0.5269
node-dom-urls,top,5,0.535,0.0046,0.5342
lcd-pcf8574,bottom,5,0.5349,0.022,0.5269
beeper,top,5,0.5347,0.0107,0.534
gulp-ava,middle,5,0.5347,0.0152,0.5347
source-map-url,top,5,0.5341,0.0122,0.5397
node-app-root-path,top,5,0.5337,0.0119,0.5352
json-schema-view,bottom,5,0.5336,0.0046,0.5326
helper-coverage,middle,5,0.5335,0.0119,0.5389
y18n,top,5,0.5332,0.0282,0.5348
testing,middle,5,0.5327,0.0152,0.5254
camelcase,top,5,0.5325,0.0208,0.5276
lightbox,bottom,5,0.532,0.0133,0.533
lines-and-columns,middle,5,0.5318,0.0297,0.5361
dns-txt,top,5,0.5314,0.0061,0.528
generator-lib-java,bottom,5,0.5313,0.0097,0.5358
contact-form,bottom,5,0.5308,0.0105,0.5339
gulp-haste,bottom,5,0.5308,0.0161,0.5293
auto-changelog,middle,5,0.53,0.0501,0.56
node-rand-token,middle,5,0.53,0.032,0.513
xdg-trashdir,middle,5,0.5299,0.0058,0.5316
activity-streams.js,bottom,5,0.5289,0.0127,0.5258
fn-args,middle,5,0.5287,0.0144,0.522
dial-roller,bottom,5,0.5286,0.0095,0.5335
time-stamp,top,5,0.5282,0.0166,0.535
derequire-transform,bottom,5,0.5278,0.0223,0.5193
gitignoreensure,bottom,5,0.5277,0.0072,0.5268
chain-args,bottom,5,0.5273,0.0252,0.5329
attrition,bottom,5,0.5268,0.0673,0.553
add-func-name,bottom,5,0.5266,0.0183,0.5252
currently-unhandled,top,5,0.5258,0.013,0.5206
babel-plugin-root-import,middle,5,0.5258,0.013,0.5226
node-areacodes,bottom,5,0.5257,0.037,0.5363
bitcoin-ops,middle,5,0.5253,0.0509,0.4954
level-rest,bottom,5,0.5253,0.0052,0.5229
extract-gettext,bottom,5,0.5253,0.003,0.5266
inflight,top,5,0.5251,0.0248,0.5273
wrappy,top,5,0.525,0.0052,0.5242
postcss-filter-plugins,top,5,0.5249,0.0218,0.5186
nodejs-driver,middle,5,0.5238,0.0203,0.5325
forwarded,top,5,0.5237,0.0258,0.5268
call-me-maybe,top,5,0.5237,0.0149,0.526
cfn-config,bottom,5,0.523,0.0426,0.5363
yeast,top,5,0.5223,0.0274,0.5314
uniqs,top,5,0.5221,0.0069,0.5258
complexion-time-map,bottom,5,0.522,0.0049,0.5211
mississippi,top,5,0.5215,0.0208,0.5207
stealthy-require,top,5,0.5211,0.0414,0.5008
redux,top,5,0.5203,0.0131,0.5185
Dexie.js,middle,5,0.5201,0.0292,0.5161
array-slice,top,5,0.519,0.0134,0.5141
path-type,top,5,0.5176,0.0381,0.5219
randombytes,top,5,0.517,0.0046,0.5158
hipku,bottom,5,0.5167,0.0887,0.5497
linerstream,middle,5,0.5158,0.0194,0.5229
markdown-it-attrs,middle,5,0.5153,0.0153,0.5139
fluxer,bottom,5,0.5149,0.0171,0.5156
to-object-path,top,5,0.5142,0.0139,0.5104
svg4everybody,middle,5,0.5141,0.0331,0.5005
Node.CLI-Progress,middle,5,0.5137,0.0209,0.5121
m-picker,middle,5,0.5133,0.0531,0.5054
session,top,5,0.5132,0.0162,0.5186
postcss-modules-scope,top,5,0.511,0.0197,0.5021
union-value,top,5,0.5109,0.0126,0.5117
exit-hook,top,5,0.5102,0.0277,0.4967
xml-char-classes,top,5,0.5102,0.0352,0.5143
menubar,middle,5,0.5097,0.022,0.4981
karma-sets,bottom,5,0.5091,0.0537,0.5113
flow-view,bottom,5,0.5085,0.0119,0.5076
line-length.js,bottom,5,0.5082,0.0198,0.5174
gulp-natural-sort,middle,5,0.5079,0.0104,0.5056
is-glob,top,5,0.507,0.0108,0.5091
backbone.ribs,bottom,5,0.5068,0.0211,0.5125
asorted,bottom,5,0.5062,0.0141,0.5081
lasercat-workshop,bottom,5,0.506,0.0085,0.5071
merge2,top,5,0.5057,0.048,0.4813
is-invalid-path,middle,5,0.5053,0.0192,0.5134
gulp-processhtml,middle,5,0.5051,0.018,0.4972
fsm2dot,bottom,5,0.5043,0.0096,0.5018
is-npm,top,5,0.5036,0.0147,0.5091
node-macaddress,top,5,0.5031,0.0243,0.5159
create-cipher,bottom,5,0.503,0.0156,0.508
duplexify,top,5,0.5028,0.0154,0.4964
postcss-initial,top,5,0.5024,0.0149,0.5036
cli-spy,bottom,5,0.5023,0.0194,0.496
esri-gnip,bottom,5,0.5012,0.0352,0.5145
dominator,bottom,5,0.5007,0.016,0.5011
sane,top,5,0.5006,0.0299,0.4916
ghost-render,bottom,5,0.5005,0.0388,0.508
comparray,bottom,5,0.5005,0.0123,0.505
algolia-webcrawler,bottom,5,0.5003,0.0056,0.4989
encoding-down,middle,5,0.5003,0.0367,0.5237
transliteration,middle,5,0.4998,0.0584,0.5256
boundary,middle,5,0.4995,0.0099,0.4986
js-symbol-tree,top,5,0.498,0.0136,0.4916
abstract-logging,middle,5,0.4973,0.0127,0.4976
arrify,top,5,0.4972,0.0285,0.4975
node-file-index,bottom,5,0.497,0.0092,0.4986
autorecordmic,bottom,5,0.4969,0.0298,0.4967
ipod,bottom,5,0.4965,0.0297,0.5138
from2,top,5,0.496,0.0257,0.4891
import-cwd,top,5,0.4959,0.0142,0.4964
grunt-jscpd-reporter,bottom,5,0.4956,0.0347,0.5071
for-in,top,5,0.4954,0.0411,0.4987
heroku-cli-util,middle,5,0.4939,0.0167,0.4957
decamelize,top,5,0.493,0.016,0.4918
des.js,top,5,0.4925,0.0161,0.4929
has-unicode,top,5,0.4924,0.0369,0.4749
router,middle,5,0.4923,0.0547,0.4792
node-cmd,middle,5,0.492,0.019,0.4914
logbrok,bottom,5,0.4916,0.0547,0.4814
array-find-index,top,5,0.4908,0.0124,0.4933
createHmac,top,5,0.4906,0.0088,0.4891
restore-cursor,top,5,0.4905,0.0185,0.4801
caniuse-lite,top,5,0.4904,0.0338,0.5129
fastfall,middle,5,0.4903,0.0697,0.5241
ember-cli-autoprefixer,middle,5,0.4901,0.0076,0.4932
has-require,middle,5,0.4896,0.0277,0.5023
hash-base,top,5,0.4896,0.0195,0.4936
contractual,bottom,5,0.4894,0.0167,0.492
web-resource-inliner,middle,5,0.489,0.0131,0.4879
atool-build,middle,5,0.4888,0.015,0.496
should.js,top,5,0.4887,0.0368,0.4779
gulp-autoprefixer,top,5,0.4881,0.0161,0.491
css-driven,bottom,5,0.4881,0.0265,0.4906
event-aggregator,middle,5,0.4879,0.0445,0.482
humanize-string,middle,5,0.4878,0.0152,0.4915
hapi-magic-filter,bottom,5,0.4877,0.0323,0.4945
browser-stdout,top,5,0.4864,0.0075,0.4828
Leaflet.timeline,bottom,5,0.4844,0.0086,0.4863
reInterval,middle,5,0.4843,0.0238,0.486
peek-stream,middle,5,0.4831,0.0284,0.4895
broccoli-i18n-lazy-lookup,bottom,5,0.4831,0.0256,0.4727
array-union,top,5,0.4828,0.0337,0.4893
has-flag,top,5,0.4828,0.0249,0.4889
opt-merger,middle,5,0.4816,0.0153,0.4772
clever-tools,bottom,5,0.4811,0.0099,0.4851
run-applescript,middle,5,0.481,0.0107,0.4801
1rm.js,bottom,5,0.4809,0.0061,0.4807
is-valid-path,middle,5,0.4792,0.0323,0.4877
String.prototype.trimLeft,top,5,0.4783,0.0315,0.4665
espower-source,middle,5,0.4778,0.0278,0.4785
axios,top,5,0.4778,0.0198,0.4825
has-value,top,5,0.4754,0.026,0.4815
bump-cli,middle,5,0.4753,0.0179,0.4679
node-manage-path,middle,5,0.4751,0.0069,0.4754
jsdelta,bottom,5,0.475,0.0163,0.4768
multicast-dns-service-types,top,5,0.4737,0.0624,0.4435
react-burger-menu,middle,5,0.4736,0.0443,0.4812
arrayof,bottom,5,0.4735,0.0111,0.47
window-size,top,5,0.4733,0.0166,0.4722
cli-snow,bottom,5,0.4725,0.0124,0.4697
co-inbox,bottom,5,0.472,0.0278,0.4779
es-to-primitive,top,5,0.4716,0.0334,0.4868
hotpath,bottom,5,0.4714,0.0156,0.4661
command-mapper,bottom,5,0.4712,0.0111,0.4708
builtins,top,5,0.4705,0.0402,0.4602
kind-of,top,5,0.4704,0.0113,0.473
signal-exit,top,5,0.4701,0.0308,0.4723
licensify,middle,5,0.4696,0.0284,0.4685
node-adif,bottom,5,0.4695,0.0331,0.4757
emic2,bottom,5,0.4684,0.022,0.4802
browserslist,top,5,0.4684,0.025,0.4737
backpack-ht16k33,bottom,5,0.4679,0.003,0.4666
node-engine-light,bottom,5,0.4676,0.0103,0.4671
fastparse,top,5,0.4661,0.0201,0.4628
parse-unit,middle,5,0.4658,0.0415,0.4519
hash-sum,top,5,0.4652,0.0087,0.4645
co-event-wrap,bottom,5,0.465,0.031,0.4601
is-it-purple,bottom,5,0.4641,0.0057,0.4671
multipipe,top,5,0.4637,0.0561,0.4782
pumpify,top,5,0.4627,0.02,0.4688
kindle-periodical,bottom,5,0.4623,0.0165,0.4723
react-scrolllock,middle,5,0.4616,0.0354,0.4797
repeating,top,5,0.4613,0.0275,0.4692
prebuild,middle,5,0.4608,0.0622,0.4519
gunzip-maybe,middle,5,0.4599,0.0616,0.4711
detect-file,top,5,0.4594,0.009,0.4598
glry,bottom,5,0.4588,0.0425,0.4393
node-pn,top,5,0.4581,0.0099,0.462
node-lintspaces,middle,5,0.4574,0.0176,0.4513
for-own,top,5,0.457,0.0345,0.4534
iostreams,bottom,5,0.4569,0.004,0.4582
node-jscrap,bottom,5,0.4561,0.0285,0.4632
string-length,top,5,0.4557,0.016,0.4546
pretty-bytes,top,5,0.4557,0.0229,0.4484
browser-env,middle,5,0.4552,0.024,0.451
boomcatch,bottom,5,0.4549,0.0081,0.4555
cipher-base,top,5,0.4543,0.0103,0.4546
plugin-host-resize,bottom,5,0.4541,0.0105,0.4589
github-language,bottom,5,0.4525,0.0083,0.4484
node-jl,bottom,5,0.4524,0.0129,0.4537
gearsloth,bottom,5,0.4514,0.0024,0.4505
read-file,middle,5,0.4512,0.0418,0.4261
define-property,top,5,0.451,0.0431,0.4431
dockerify,bottom,5,0.4509,0.0203,0.4566
versionify,middle,5,0.4499,0.0219,0.4465
concat,middle,5,0.4497,0.0295,0.4549
pify,top,5,0.4489,0.0203,0.4509
node-os,middle,5,0.4489,0.0383,0.4373
redent,top,5,0.4488,0.0483,0.4658
mime-db,top,5,0.4486,0.006,0.4444
import-from,top,5,0.4476,0.0686,0.4184
output-file-sync,top,5,0.4468,0.0279,0.4352
husky,top,5,0.4462,0.0006,0.4464
auto-generate,bottom,5,0.446,0.0083,0.4462
yallist,top,5,0.4453,0.0388,0.4586
mount-point,middle,5,0.4452,0.0176,0.4512
run-sequence,top,5,0.445,0.0499,0.4286
big-red-button,bottom,5,0.4444,0.0096,0.4478
gulp-reduce-file,middle,5,0.4434,0.0063,0.4432
object-assign,top,5,0.4419,0.0035,0.4429
301-node,bottom,5,0.4419,0.0177,0.4495
github-changes,middle,5,0.4404,0.0388,0.4213
license-gen,bottom,5,0.44,0.0223,0.4295
varuint-bitcoin,middle,5,0.4399,0.0079,0.4412
run-auto,middle,5,0.4394,0.015,0.4344
npm-run-path,top,5,0.4394,0.0262,0.4349
jasmine-n-matchers,bottom,5,0.4384,0.0048,0.4386
relateurl,top,5,0.4377,0.0115,0.4337
fist-fistlabs_unit_serial,bottom,5,0.4376,0.047,0.4155
handle-callback,bottom,5,0.4375,0.0198,0.4456
contentstream,middle,5,0.4374,0.0112,0.435
aproba,top,5,0.4369,0.0377,0.4514
postcss-value-parser,top,5,0.4362,0.0225,0.4473
enable,middle,5,0.4361,0.0313,0.4305
immer,top,5,0.436,0.0687,0.4808
postcss-devtools,middle,5,0.4353,0.0377,0.4513
airtight-css-lint,bottom,5,0.4352,0.0114,0.4311
cliui,top,5,0.4349,0.0132,0.4314
tween-one,middle,5,0.4345,0.043,0.4486
ansi-html,top,5,0.434,0.0088,0.4373
Object.values,top,5,0.4339,0.0178,0.4451
path-key,top,5,0.4333,0.0477,0.4312
unset-value,top,5,0.4326,0.059,0.4058
yn,top,5,0.4326,0.0951,0.466
istanbul-threshold-checker,middle,5,0.4322,0.0151,0.4416
prepush,middle,5,0.432,0.028,0.4334
assign-deep,middle,5,0.431,0.0248,0.4376
ls-fs,bottom,5,0.4309,0.0109,0.4278
jwt,middle,5,0.4307,0.0032,0.4308
node-fetch-politely,bottom,5,0.4303,0.009,0.4257
angular-names,bottom,5,0.4296,0.0232,0.4186
object.omit,top,5,0.4283,0.0056,0.4317
StackBlur,middle,5,0.4279,0.0247,0.4365
commist,middle,5,0.4279,0.0172,0.4287
assets-bower-ci,bottom,5,0.4277,0.0314,0.4193
find-file-up,middle,5,0.4267,0.025,0.425
jenny,bottom,5,0.4262,0.0468,0.4527
detect-data-stream,bottom,5,0.4256,0.0137,0.4311
bpmn-js-debug-overlay,bottom,5,0.4246,0.0179,0.4345
dogedc,bottom,5,0.4243,0.0143,0.4261
node-flipr,bottom,5,0.4234,0.0154,0.4211
postcss-media-minmax,top,5,0.423,0.0332,0.412
cosmiconfig,top,5,0.4228,0.0337,0.4295
fetch,top,5,0.4223,0.0279,0.4317
http,middle,5,0.4213,0.0211,0.4234
dotignore,bottom,5,0.4211,0.0726,0.4114
templating-resources,middle,5,0.4204,0.0154,0.4208
crossbar-nodejs,bottom,5,0.4194,0.0068,0.4214
gulp-use-asset,bottom,5,0.4188,0.0097,0.4185
perfectionist,middle,5,0.4187,0.0664,0.3833
exposify,middle,5,0.4175,0.0242,0.4073
babel-plugin-css-modules-transform,middle,5,0.4173,0.0143,0.4145
http-request-builder,bottom,5,0.4166,0.0235,0.4245
ghpages,middle,5,0.4165,0.0134,0.4232
changelogx,middle,5,0.4162,0.0174,0.4246
erroz,bottom,5,0.415,0.0256,0.429
shiro-trie,middle,5,0.4139,0.0104,0.4116
jQuerySimpleMask,bottom,5,0.4137,0.0137,0.413
titleize,middle,5,0.413,0.0143,0.4196
escallmatch,middle,5,0.4126,0.0224,0.4158
aflow.js,bottom,5,0.4104,0.0441,0.3981
test-exclude,top,5,0.4104,0.0127,0.4135
wif,middle,5,0.4091,0.06,0.3738
node-bcat,bottom,5,0.408,0.0358,0.4194
kardia,bottom,5,0.4073,0.0139,0.4125
deuces,bottom,5,0.4072,0.0301,0.4274
bepacked,bottom,5,0.406,0.0091,0.4076
node-inst,bottom,5,0.4046,0.0251,0.4024
fancy-log,top,5,0.403,0.0174,0.395
colsole,bottom,5,0.4029,0.0443,0.3884
globstar,middle,5,0.4022,0.0203,0.3887
arr-diff,top,5,0.4013,0.0161,0.4039
dockerspaniel,bottom,5,0.399,0.0082,0.4012
CrawlerX,bottom,5,0.3986,0.0055,0.3994
js-commons,bottom,5,0.3973,0.0092,0.3961
gp-js-client,middle,5,0.397,0.0215,0.4064
kmath,bottom,5,0.3966,0.0227,0.4007
ios-icon-resize,bottom,5,0.3964,0.0049,0.3983
node-parse-numeric-range,middle,5,0.3959,0.0124,0.3955
rechoir,top,5,0.3949,0.0765,0.3668
loose-envify,top,5,0.3929,0.0436,0.4046
url-slug,middle,5,0.3913,0.0252,0.4004
imagemin-cli,middle,5,0.3908,0.0116,0.3872
humanb,bottom,5,0.3903,0.0145,0.3879
danfe,bottom,5,0.3902,0.0292,0.3777
jthoober,bottom,5,0.3899,0.0738,0.4134
code-point-at,top,5,0.3897,0.0319,0.4097
mixin-object,top,5,0.3897,0.0169,0.3914
detect-browser,middle,5,0.3887,0.0217,0.3824
node-lazy-api,bottom,5,0.3882,0.0084,0.3841
handpipe.js,bottom,5,0.3863,0.0288,0.3742
react-group,middle,5,0.3862,0.0102,0.3864
package-deps,middle,5,0.3862,0.0098,0.3844
kmp-matcher,bottom,5,0.3857,0.0308,0.3821
icss-utils,top,5,0.3854,0.0085,0.3874
injectify-view,bottom,5,0.3842,0.0141,0.3917
warning,top,5,0.3829,0.0218,0.3848
asapi,bottom,5,0.3815,0.0116,0.3835
df,middle,5,0.3815,0.0368,0.3946
Commando,middle,5,0.3813,0.0166,0.3873
content,middle,5,0.38,0.0347,0.3744
source-list-map,top,5,0.3791,0.0109,0.377
discord.js-musicbot-addon,middle,5,0.377,0.0033,0.3771
leinwand,bottom,5,0.3755,0.0138,0.3699
use,top,5,0.3744,0.0284,0.3886
gulp-plumber,top,5,0.3739,0.007,0.3744
fruit,bottom,5,0.373,0.0181,0.3742
jqueue,bottom,5,0.3729,0.0182,0.3723
stream-shift,top,5,0.3722,0.0226,0.3807
bossy,middle,5,0.3712,0.0423,0.371
dtree,bottom,5,0.3701,0.026,0.3823
hbars,bottom,5,0.3699,0.0751,0.345
kimi,bottom,5,0.3697,0.014,0.3732
countn,bottom,5,0.3684,0.0244,0.3675
grunt-knex-schema,bottom,5,0.3683,0.015,0.3742
phridge,middle,5,0.3682,0.0242,0.3723
copy,middle,5,0.3677,0.0198,0.3744
qs,top,5,0.3672,0.0162,0.3671
resolve-dir,top,5,0.3671,0.0211,0.3785
object.defaults,top,5,0.3659,0.0667,0.3398
help-me,middle,5,0.3652,0.014,0.3667
isobject,top,5,0.3625,0.0153,0.3592
gulp-cssbeautify,middle,5,0.3624,0.0206,0.3685
promises-es6,middle,5,0.3621,0.0158,0.3564
hapi-bookshelf,bottom,5,0.3599,0.0093,0.3599
array-differ,top,5,0.3588,0.0152,0.3556
node-html-pdf,middle,5,0.3586,0.0095,0.3598
hoist-non-react-statics,top,5,0.3585,0.0108,0.3555
topo,top,5,0.3579,0.0205,0.3596
countdown.js,bottom,5,0.3568,0.0181,0.3527
ampersand-date-view,bottom,5,0.3566,0.0238,0.3511
node-fx-runner,middle,5,0.3561,0.0113,0.3598
eightbyeight,bottom,5,0.3559,0.0578,0.3268
drop-while,bottom,5,0.3559,0.0141,0.3608
composition,middle,5,0.3554,0.0111,0.3549
IVS.js,bottom,5,0.3532,0.0073,0.3546
gulp-framework-dep,bottom,5,0.3531,0.0103,0.3561
purifycss,middle,5,0.3528,0.0404,0.3698
package-json,top,5,0.3522,0.017,0.3593
table,top,5,0.3515,0.0181,0.3577
unassert,middle,5,0.35,0.021,0.3492
getpackages,bottom,5,0.3458,0.0406,0.3675
clingwrap,bottom,5,0.3437,0.0163,0.3386
earl-grey,middle,5,0.3435,0.0468,0.3508
batch-me-if-you-can,bottom,5,0.3431,0.021,0.3364
boring-config,bottom,5,0.3411,0.0118,0.3464
anchor,bottom,5,0.3406,0.0382,0.3588
match-at,middle,5,0.3377,0.0284,0.3327
eslint-plugin-css-modules,middle,5,0.3371,0.0079,0.3323
defaults-deep,middle,5,0.3296,0.024,0.3178
fetchr,middle,5,0.3296,0.0285,0.3148
rollup,top,5,0.3294,0.0448,0.3366
json-silo,bottom,5,0.3282,0.0224,0.3208
framework,middle,5,0.3276,0.0118,0.3234
issuemd,bottom,5,0.3262,0.0411,0.3491
cache-base,top,5,0.3256,0.008,0.3304
acqua,bottom,5,0.325,0.0167,0.3247
e3x-cs3a,bottom,5,0.3228,0.0241,0.3315
fb-xmpp-connector,bottom,5,0.3226,0.0178,0.3262
marko,middle,5,0.3202,0.0351,0.3235
nodejs-depd,top,5,0.3193,0.1189,0.384
contra,middle,5,0.3147,0.0231,0.3078
node-hertz,bottom,5,0.3144,0.0557,0.3288
espial,bottom,5,0.3141,0.0535,0.3169
cliclopts,middle,5,0.3109,0.0142,0.3147
yargonaut,middle,5,0.3095,0.0455,0.2813
object.assign,top,5,0.3051,0.0043,0.3067
choice,bottom,5,0.305,0.0145,0.3098
atoa,middle,5,0.3005,0.029,0.3127
path-is-absolute,top,5,0.2971,0.031,0.2881
command-line-commands,middle,5,0.2957,0.0108,0.2921
dsigner,bottom,5,0.2955,0.0046,0.2959
blacklist,middle,5,0.293,0.0219,0.2921
estktap,bottom,5,0.2922,0.0256,0.2883
partialify,middle,5,0.2914,0.0164,0.2852
dirtybit,bottom,5,0.2914,0.0186,0.2878
node-accept-language,bottom,5,0.2912,0.0183,0.2858
capture-stack-trace,top,5,0.2908,0.013,0.2908
number-is-nan,top,5,0.2903,0.0233,0.2894
machine,middle,5,0.2903,0.0335,0.2972
babel-plugin-precompile-charcodes,middle,5,0.2898,0.0064,0.2893
gulp-serve,bottom,5,0.289,0.019,0.2821
consign,middle,5,0.2883,0.019,0.292
execa,top,5,0.2873,0.0187,0.2824
pako,top,5,0.2862,0.0342,0.2877
correcthorse,bottom,5,0.2856,0.0336,0.2877
call,middle,5,0.2827,0.0554,0.2929
d3-sankey,middle,5,0.2815,0.0256,0.2725
docooment,bottom,5,0.281,0.0086,0.2831
knowhow,bottom,5,0.2769,0.0179,0.2798
core,bottom,5,0.2741,0.0128,0.2719
angular-text-toggle,bottom,5,0.2733,0.0237,0.2661
laravel-mix,top,5,0.2725,0.0664,0.2586
high5,bottom,5,0.2722,0.025,0.2698
absync,bottom,5,0.2714,0.0112,0.2669
ace,middle,5,0.2694,0.0118,0.2714
keystone,bottom,5,0.2643,0.0425,0.2478
postcss-modules-values,top,5,0.2619,0.0106,0.2652
figures,top,5,0.2591,0.0322,0.2639
abab,top,5,0.2591,0.0121,0.2599
devs,bottom,5,0.253,0.041,0.2445
toxic,middle,5,0.2497,0.0151,0.2598
callback-with,bottom,5,0.2494,0.034,0.2557
nash,middle,5,0.2483,0.0425,0.2642
cli,middle,5,0.2458,0.0278,0.2326
is-finite,top,5,0.2435,0.0164,0.2419
iputil,bottom,5,0.2423,0.0102,0.2419
hideout,bottom,5,0.2401,0.0148,0.2386
node-fixturify,middle,5,0.2401,0.0096,0.238
clocker,bottom,5,0.2388,0.0163,0.2379
garnish,middle,5,0.2388,0.0112,0.2409
original,top,5,0.2387,0.0472,0.2308
verup,middle,5,0.2384,0.0387,0.228
gaffa-image,bottom,5,0.2372,0.0045,0.2386
write,top,5,0.2338,0.0713,0.2062
corq,bottom,5,0.2318,0.0329,0.2373
haypeaeye,bottom,5,0.2317,0.0592,0.2054
infer,bottom,5,0.231,0.0132,0.2342
lookup-deps,bottom,5,0.2291,0.0196,0.2222
npm-prepublish,middle,5,0.2251,0.0127,0.228
elixir,top,5,0.2247,0.007,0.2215
bookshelf-manager,bottom,5,0.2226,0.0044,0.2229
ripple,middle,5,0.2218,0.0225,0.2195
object-visit,top,5,0.2208,0.0305,0.2109
emoney,bottom,5,0.2196,0.0113,0.2224
cli-width,top,5,0.2167,0.0322,0.2228
bootstrapper,middle,5,0.2165,0.0355,0.2309
gnar,bottom,5,0.2098,0.0079,0.2103
impersonate,bottom,5,0.2089,0.035,0.2193
interpret,top,5,0.2058,0.0101,0.2064
pal,middle,5,0.205,0.0186,0.1993
plexer,middle,5,0.2003,0.0303,0.1921
nyc,top,5,0.2,0.011,0.2
Cruiser,bottom,5,0.1924,0.0119,0.186
drool,middle,5,0.1913,0.0293,0.2033
coffee,middle,5,0.1911,0.0285,0.187
ctrllr,bottom,5,0.1874,0.0164,0.1914
cpa.js,bottom,5,0.1829,0.0163,0.1761
hmks,bottom,5,0.1793,0.0247,0.1655
preserve,top,5,0.1776,0.0275,0.1849
gulp-exemplary,bottom,5,0.1773,0.0068,0.1768
breadboard,bottom,5,0.1752,0.0185,0.1794
rev-del,middle,5,0.1724,0.0309,0.1742
node-lei-routes-sort,bottom,5,0.169,0.0049,0.17
lag,bottom,5,0.1689,0.0339,0.1785
kiss,bottom,5,0.1688,0.021,0.1721
gcr,bottom,5,0.1672,0.0224,0.1615
parse-asn1,top,5,0.164,0.0072,0.1604
glue,middle,5,0.156,0.0264,0.1548
meow,top,5,0.1492,0.0336,0.158
blender,bottom,5,0.1464,0.0203,0.1544
d6,bottom,5,0.1453,0.0197,0.1418
http-proxy-noCrash,bottom,5,0.1431,0.0258,0.1455
animar,bottom,5,0.1421,0.0134,0.1405
iffi,bottom,5,0.1356,0.013,0.1396
bunnydo,bottom,5,0.1304,0.0301,0.1462
accessory,middle,5,0.1283,0.0388,0.1131
date-now,top,5,0.1235,0.004,0.1245
gracenode-session,bottom,5,0.1171,0.0168,0.1156
htmlizer,bottom,5,0.1131,0.0137,0.1083
cool-ascii-faces,middle,5,0.1069,0.003,0.1056
caber,bottom,5,0.1062,0.0055,0.1078
globo,middle,5,0.1015,0.0417,0.0859
es-tar,bottom,5,0.1003,0.0117,0.0978
collect-callbacks,bottom,5,0.0993,0.0187,0.0935
fined,top,5,0.0974,0.0783,0.0876
governor,bottom,5,0.0937,0.0088,0.0913
react-native-communications,middle,5,0.0913,0.0113,0.0899
minimalistic-assert,top,5,0.0894,0.0111,0.0881
grabetha,bottom,5,0.0888,0.0085,0.0912
531.js,bottom,5,0.0875,0.0175,0.0843
vuvuzela,middle,5,0.0873,0.009,0.0908
fast-async,middle,5,0.0791,0.0147,0.0722
cluster-advisor,bottom,5,0.0781,0.0129,0.0738
barterer,bottom,5,0.0744,0.0093,0.0776
brorand,top,5,0.073,0.0354,0.0682
browserify-transform-dna,bottom,5,0.0711,0.0049,0.0709
brim,bottom,5,0.0697,0.0072,0.0701
active-knex,bottom,5,0.0682,0.018,0.0654
consolation,bottom,5,0.0673,0.0199,0.0597
wide-align,top,5,0.0673,0.0238,0.0588
append-transform,top,5,0.0632,0.0429,0.0537
is-odd,top,5,0.0624,0.008,0.0612
NestedObjectAssign,middle,5,0.0617,0.0121,0.0649
harmony,bottom,5,0.0616,0.0297,0.0531
charabanc,bottom,5,0.0586,0.0162,0.058
vizion,middle,5,0.0538,0.0096,0.0532
wbuf,top,5,0.0537,0.016,0.0594
hapi-prerender,bottom,5,0.0517,0.0054,0.0546
npm-git-info,middle,5,0.0487,0.009,0.0472
babel-preset-flow-vue,middle,5,0.0477,0.0156,0.0414
geojson-segment,bottom,5,0.0446,0.0057,0.0463
epinfer,bottom,5,0.0446,0.0156,0.0458
gryd,bottom,5,0.0427,0.0071,0.0461
EVP_BytesToKey,top,5,0.0427,0.0145,0.0418
gulp-combine-media-queries,middle,5,0.038,0.0063,0.0391
offset-buffer,top,5,0.0353,0.0089,0.0348
flat-cache,top,5,0.0353,0.0087,0.0312
foreach-async,bottom,5,0.033,0.0011,0.033
isansi,bottom,5,0.0298,0.014,0.0355
githubNabber,bottom,5,0.0278,0.0102,0.0257
gitbook-plugin-olark,bottom,5,0.0277,0.0068,0.0297
browserify-cipher,top,5,0.0248,0.0167,0.0251
gulp-clang-format,middle,5,0.0229,0.0246,0.0284
node-file-lookup,bottom,5,0.0224,0.0119,0.0182
conflab,bottom,5,0.0198,0.0138,0.0227
bem-deps,bottom,5,0.0195,0.009,0.0192
clap,top,5,0.019,0.015,0.0174
get-caller-file,top,5,0.0183,0.0227,0.0114
file-entry-cache,top,5,0.0167,0.0082,0.0132
broccoli-string-replace,middle,5,0.0118,0.0103,0.0104
dtools,bottom,5,0.0096,0.0059,0.0068
libreoffice-convert,bottom,5,0.009,0.043,0.0201
miller-rabin,top,5,0.0067,0.0099,0.0057
pem-jwk,middle,5,0.0009,0.0064,-0.002
filefog-onedrive,bottom,5,-0.0005,0.0058,-0.0006
teamwork,middle,5,-0.0106,0.0149,-0.0052
ampersand-collection-pouchdb-mixin,bottom,5,-0.0107,0.0056,-0.0101
krampus,bottom,5,-0.0132,0.0163,-0.0196
baucis-vivify,bottom,5,-0.0146,0.0485,0.0102
couchdb-sync,bottom,5,-0.0182,0.0031,-0.0189
browserify-rsa,top,5,-0.0446,0.0185,-0.0487
hookies,bottom,5,-0.0463,0.0076,-0.0481
game-grid,bottom,5,-0.053,0.008,-0.0521
tacks,middle,5,-0.0599,0.0304,-0.0761
autocode,bottom,5,-0.0775,0.0029,-0.0791
