lib_name,source
body-parser,top
inflight,top
mime-types,top
mime-db,top
ansi-regex,top
color-name,top
qs,top
safe-buffer,top
node-bcrypt-pbkdf,top
cliui,top
array-flatten,top
babel-loader,top
aproba,top
string-width,top
execa,top
normalize-path,top
browserslist,top
ansi-escapes,top
wrap-ansi,top
node-sshpk,top
npm-run-path,top
node-cross-spawn,top
read-pkg-up,top
bn.js,top
define-properties,top
escape-string-regexp,top
is-buffer,top
globby,top
camelcase,top
tweetnacl-js,top
for-own,top
invariant,top
compression,top
source-map-resolve,top
es-abstract,top
braces,top
has-ansi,top
assign-symbols,top
caniuse-lite,top
es-to-primitive,top
glob-parent,top
to-fast-properties,top
isobject,top
extend-shallow,top
array-uniq,top
wrappy,top
arr-diff,top
elliptic,top
code-point-at,top
array-unique,top
process-nextick-args,top
find-cache-dir,top
arrify,top
mem,top
parse-json,top
del,top
arr-flatten,top
decamelize,top
pify,top
find-up,top
nodejs-depd,top
object.pick,top
builtin-modules,top
array-union,top
has-flag,top
des.js,top
binary-extensions,top
yargs-parser,top
http-errors,top
is-fullwidth-code-point,top
for-in,top
finalhandler,top
align-text,top
pbkdf2,top
fill-range,top
node-har-validator,top
util-deprecate,top
etag,top
watchpack,top
lcid,top
isexe,top
cosmiconfig,top
caller-path,top
camelcase-keys,top
pako,top
yallist,top
is-glob,top
http-proxy-middleware,top
ci-info,top
loader-runner,top
browserify-aes,top
serve-static,top
invert-kv,top
repeat-string,top
micromatch,top
setprototypeof,top
expand-range,top
browserify-cipher,top
browserify-des,top
browserify-rsa,top
browserify-sign,top
figures,top
webpack-sources,top
buffer-xor,top
shebang-command,top
spdx-license-ids,top
filename-regex,top
is-stream,top
load-json-file,top
cipher-base,top
eslint-plugin-import,top
write-file-atomic,top
createHash,top
createHmac,top
parseurl,top
normalize-url,top
statuses,top
createECDH,top
repeat-element,top
is-path-inside,top
meow,top
media-typer,top
content-type,top
strip-bom,top
is-binary-path,top
stream-shift,top
path-exists,top
os-homedir,top
forwarded,top
is-builtin-module,top
read-pkg,top
diffie-hellman,top
expand-brackets,top
duplexify,top
path-is-absolute,top
is-dotfile,top
extglob,top
eslint-plugin-react,top
EVP_BytesToKey,top
array-find-index,top
encodeurl,top
brorand,top
date-now,top
fs-write-stream-atomic,top
kind-of,top
interpret,top
os-locale,top
shebang-regex,top
content-disposition,top
object-assign,top
get-caller-file,top
abab,top
cli-cursor,top
center-align,top
postcss-calc,top
postcss-modules-scope,top
is-extendable,top
axios,top
hash-base,top
get-stream,top
is-number,top
is-path-cwd,top
is-path-in-cwd,top
resolve-from,top
y18n,top
preserve,top
path-type,top
proxy-addr,top
randomatic,top
prop-types,top
serialize-javascript,top
number-is-nan,top
regex-cache,top
pkg-dir,top
isstream,top
parse-asn1,top
alphanum-sort,top
get-stdin,top
memory-fs,top
is-finite,top
is-typedarray,top
randombytes,top
acorn-globals,top
publicEncrypt,top
lazy-cache,top
dot-prop,top
fetch,top
is-equal-shallow,top
loud-rejection,top
mimic-fn,top
callsites,top
append-transform,top
is-primitive,top
object.assign,top
morgan,top
path-key,top
signal-exit,top
mixin-deep,top
ejs,top
cache-base,top
extract-text-webpack-plugin,top
indent-string,top
global-prefix,top
espree,top
class-utils,top
collection-visit,top
md5.js,top
stream-http,top
set-value,top
got,top
builtin-status-codes,top
union-value,top
define-property,top
eslint-loader,top
test-exclude,top
whatwg-url,top
ansi-html,top
restore-cursor,top
pseudomap,top
webidl-conversions,top
object.omit,top
postcss-value-parser,top
currently-unhandled,top
node-url,top
repeating,top
minimalistic-assert,top
exec-sh,top
spdx-correct.js,top
spdx-expression-parse.js,top
is-accessor-descriptor,top
map-obj,top
is-data-descriptor,top
babel-plugin-dynamic-import-node,top
loose-envify,top
miller-rabin,top
slice-ansi,top
cli-width,top
source-map-url,top
css-selector-tokenizer,top
path-parse,top
window-size,top
validate-npm-package-license.js,top
clap,top
minimalistic-crypto-utils,top
map-visit,top
hash.js,top
serve-index,top
nanomatch,top
vary,top
split-string,top
redent,top
to-object-path,top
unset-value,top
strip-indent,top
trim-newlines,top
fastparse,top
boxen,top
bonjour,top
default-require-extensions,top
longest,top
write,top
is-absolute-url,top
file-entry-cache,top
table,top
flat-cache,top
has-unicode,top
prepend-http,top
wide-align,top
postcss-selector-parser,top
on-headers,top
Object.values,top
prettier,top
to-regex-range,top
emoji-regex,top
is-plain-obj,top
is-svg,top
object-hash,top
regjsgen,top
is-directory,top
detect-node,top
cookie-parser,top
is-obj,top
map-cache,top
is-windows,top
resolve-cwd,top
resolve-dir,top
right-align,top
stack-utils,top
websocket-extensions-node,top
colormin,top
set-immediate-shim,top
detect-newline,top
engine.io-parser,top
pumpify,top
redux,top
is-ci,top
copy-webpack-plugin,top
csstree,top
uglifyjs-webpack-plugin,top
postcss-modules-local-by-default,top
url-parse,top
querystringify,top
postcss-modules-values,top
cross-env,top
icss-utils,top
multicast-dns,top
sort-keys,top
contains-path,top
dns-packet,top
array-differ,top
homedir-polyfill,top
to-arraybuffer,top
num2fraction,top
css-declaration-sorter,top
requires-port,top
neo-async,top
lowercase-keys,top
get-value,top
source-list-map,top
normalize-range,top
relateurl,top
has-value,top
multicast-dns-service-types,top
internal-ip,top
global-modules,top
is-descriptor,top
react-redux,top
html-comment-regex,top
hoist-non-react-statics,top
socket.io-adapter,top
capture-stack-trace,top
time-stamp,top
reduce-css-calc,top
latest-version,top
generate-function,top
is-my-json-valid,top
flush-write-stream,top
object-visit,top
package-json,top
gzip-size,top
webpack-merge,top
postcss-filter-plugins,top
snapdragon,top
leven,top
reduce-function-call,top
use,top
dns-txt,top
arraybuffer.slice,top
clone-deep,top
gulp-sourcemaps,top
nth-check,top
serve-favicon,top
detect-file,top
dir-glob,top
mississippi,top
js-symbol-tree,top
postcss-message-helpers,top
pretty-bytes,top
session,top
xml-name-validator,top
original,top
string-length,top
sane,top
strict-uri-encode,top
array-slice,top
is-npm,top
node-klaw,top
require-from-string,top
vue-loader,top
ansi-colors,top
semver-diff,top
xdg-basedir,top
offset-buffer,top
registry-url,top
postcss-custom-properties,top
uniqs,top
spdy-transport,top
eslint-config-standard,top
in-publish,top
wbuf,top
stdout-stream,top
gulp-autoprefixer,top
beeper,top
v8flags,top
immer,top
url-parse-lax,top
shallow-clone,top
uniqid,top
import-lazy,top
ast-types-flow,top
should.js,top
exit-hook,top
node-macaddress,top
webpack-manifest-plugin,top
rechoir,top
sass-graph,top
node-app-root-path,top
widest-line,top
topo,top
stackframe,top
yeast,top
ip-regex,top
merge2,top
log-symbols,top
strip-comments,top
from2,top
stealthy-require,top
String.prototype.trimLeft,top
String.prototype.trimRight,top
eslint-plugin-standard,top
classnames,top
yn,top
ncname,top
eslint-plugin-node,top
void-elements,top
optimize-css-assets-webpack-plugin,top
rollup,top
run-sequence,top
is-odd,top
browser-process-hrtime,top
glogg,top
multipipe,top
detect-port,top
first-chunk-stream,top
webpack-hot-middleware,top
date-fns,top
husky,top
fancy-log,top
import-from,top
redux-thunk,top
scss-tokenizer,top
is-absolute,top
any-promise,top
is-root,top
postcss-initial,top
istanbul-instrumenter-loader,top
postcss-import,top
method-override,top
is-relative,top
file-type,top
nyc,top
node-pn,top
import-cwd,top
compare-versions,top
friendly-errors-webpack-plugin,top
builtins,top
gulp-plumber,top
browser-stdout,top
stream-each,top
postcss-font-variant,top
RegExp.prototype.flags,top
circular-dependency-plugin,top
warning,top
gulplog,top
replace-ext,top
xml-char-classes,top
custom-event,top
parse-filepath,top
standard,top
laravel-mix,top
mixin-object,top
has-gulplog,top
caller-callsite,top
is-generator-fn,top
pkg-up,top
dom-serialize,top
validate-npm-package-name,top
call-me-maybe,top
extract-zip,top
react-hot-loader,top
yauzl,top
decompress-response,top
node-dom-urls,top
async-each-series,top
babelify,top
webpack-bundle-analyzer,top
ansi-wrap,top
flagged-respawn,top
vinyl-source-stream,top
unc-path-regex,top
babel-plugin-transform-react-remove-prop-types,top
webpack-subresource-integrity,top
snapdragon-util,top
elixir,top
postcss-custom-media,top
object.defaults,top
rollup-plugin-node-resolve,top
color-support,top
postcss-media-minmax,top
postcss-custom-selectors,top
hash-sum,top
output-file-sync,top
postcss-selector-matches,top
postcss-selector-not,top
fined,top
karma-webpack,top
vue-hot-reload-api,top
is-regexp,top
errorhandler,top
denodeify,top
strong-globalize,middle
angular-router-loader,middle
detect-browser,middle
is-online,middle
vux-loader,middle
gulp-jsonminify,middle
loopback-component-passport,middle
rollup-plugin-babel-minify,middle
gulp-strip-comments,middle
commist,middle
hexo-renderer-jade,middle
http,middle
webidl2js,middle
heroku-cli-util,middle
tslint-ionic-rules,middle
react-beautiful-dnd,middle
node-cmd,middle
perfectionist,middle
path-loader,middle
google-libphonenumber,middle
html-webpack-harddisk-plugin,middle
geojson-vt,middle
grunt-svgstore,middle
react-share,middle
node-os,middle
i18next-xhr-backend,middle
cool-ascii-faces,middle
koa-connect,middle
modify-babel-preset,middle
gulp-natural-sort,middle
express-request-proxy,middle
gulp-hub,middle
wif,middle
node-app-root-dir,middle
simctl,middle
postcss-parser-tests,middle
protractor-jasmine2-screenshot-reporter,middle
levenshtein-edit-distance,middle
node-multispinner,middle
react-flip-move,middle
react-resizable,middle
changelogx,middle
resolve-protobuf-schema,middle
shiro-trie,middle
concat,middle
imagemin-cli,middle
gulp-css-inline-images,middle
marko,middle
node-parse-numeric-range,middle
stream-to-promise,middle
gulp-subtree,middle
lintspaces-cli,middle
gl-mat4,middle
react-burger-menu,middle
redux-localstorage,middle
electron-reload,middle
git-clone,middle
autod-egg,middle
unit.js,middle
web-resource-inliner,middle
bootstrapper,middle
d3-sankey,middle
ember-test-helpers,middle
jhipster-core,middle
url-slug,middle
encoding-down,middle
gulp-html5-lint,middle
bin-pack,middle
react-mounter,middle
point-geometry,middle
fetch-ponyfill,middle
beautify-lint,middle
gulp-combine-media-queries,middle
gulp-strip-css-comments,middle
top-gh-contribs,middle
react-dock,middle
base64-img,middle
npm-utils,middle
git-latest-semver-tag,middle
cordova-lib,middle
transliteration,middle
drool,middle
loadjs,middle
yargonaut,middle
reInterval,middle
tween-one,middle
gulp-jsdoc,middle
gulp-espower,middle
purifycss,middle
eris,middle
vizion,middle
phridge,middle
gulp-clang-format,middle
markdown-it-abbr,middle
npmi,middle
browserify-hmr,middle
session-file-store,middle
node-lintspaces,middle
liquid-fire,middle
koa-passport,middle
helper-coverage,middle
node-jwks-rsa,middle
nativescript-dev-webpack,middle
int64-buffer,middle
join-path,middle
react-grid-layout,middle
meanio,middle
consign,middle
karma-jasmine-jquery,middle
linerstream,middle
classlist-polyfill,middle
gulp-connect-php,middle
gunzip-maybe,middle
js-multiaddr,middle
react-sticky,middle
gulp-html-extract,middle
vue-component-compiler,middle
js-peer-info,middle
google-maps-react,middle
verb-tag-jscomments,middle
OwlCarousel2,middle
node-assetmanager,middle
find-file-up,middle
tacks,middle
markdown-it-deflist,middle
node-rand-token,middle
NestedObjectAssign,middle
ends-with,middle
grunt-check-pages,middle
electron-squirrel-startup,middle
is-type-of,middle
grunt-serve,middle
eslint-plugin-lodash,middle
react-flexbox-grid,middle
aos,middle
postcss-prefix-selector,middle
prebuild,middle
date-math,middle
Dexie.js,middle
clui,middle
queue-anim,middle
gulp-wrapper,middle
globstar,middle
hexo-cli,middle
jstransformer-markdown-it,middle
gulp-istanbul-enforcer,middle
exposify,middle
npm-git-info,middle
contra,middle
python-shell,middle
teamwork,middle
vue-moment,middle
discord.js-musicbot-addon,middle
spotify-web-api-node,middle
ember-assign-polyfill,middle
browser-env,middle
lines-and-columns,middle
js-peer-id,middle
cli,middle
package-json-versionify,middle
loopback-phase,middle
package-deps,middle
relative,middle
garnish,middle
react-moment-proptypes,middle
from2-string,middle
babel-preset-es2015-node5,middle
enable,middle
titleize,middle
crossvent,middle
node-fixturify,middle
m-picker,middle
react-responsive-carousel,middle
underscore-template-loader,middle
ember-cli-github-pages,middle
blacklist,middle
react-a11y,middle
try-require,middle
esbeautifier,middle
jpeg-recompress-bin,middle
run-auto,middle
postcss-opacity,middle
git-repository,middle
bili,middle
rc-config-loader,middle
unit-coverage,middle
m-date-picker,middle
json-stringify-pretty-compact,middle
redux-auth-wrapper,middle
gl-vec3,middle
common-dir,middle
toxic,middle
check-pages,middle
gulp-develop-server,middle
js-multihash,middle
ice-cap,middle
react-inline-css,middle
help-me,middle
copy,middle
grunt-potomo,middle
resource-loader,middle
spdx-license-list,middle
peek-stream,middle
accessory,middle
node-directory-tree,middle
mocha.parallel,middle
command-line-commands,middle
testing,middle
bump-cli,middle
npm-name,middle
gulp-base64,middle
webpack-cleanup-plugin,middle
react-static-container,middle
sequence,middle
react-notification-system,middle
parse-unit,middle
rollup-plugin-multi-entry,middle
esformatter-quotes,middle
is-class,middle
node-manage-path,middle
earl-grey,middle
zopflipng-bin,middle
angular-chart.js,middle
react-quill,middle
grunt-gulp,middle
superagent-promise,middle
abstract-logging,middle
express-react-views,middle
koa-helmet,middle
framework,middle
MetaScript,middle
varuint-bitcoin,middle
fast-json-stringify,middle
run-applescript,middle
gulp-pleeease,middle
partialify,middle
react-with-styles,middle
parse-torrent,middle
prom-client,middle
ngtemplate-loader,middle
plexer,middle
nativescript-hook,middle
vector-tile-js,middle
babel-preset-es2015-mod,middle
ember-sinon,middle
gulp-inline-css,middle
react-highcharts,middle
mocha-fivemat-progress-reporter,middle
particles.js,middle
atoa,middle
lru-memoize,middle
libphonenumber-js,middle
gzip-size-cli,middle
bitcoin-ops,middle
grunt-protractor-coverage,middle
gulp-cssbeautify,middle
find-process,middle
karma-electron,middle
cliclopts,middle
machine,middle
toml-require,middle
espower-source,middle
hapi-auth-jwt2,middle
npm-prepublish,middle
contentstream,middle
xdg-trashdir,middle
markdown-it-table-of-contents,middle
animator-css,middle
fetchr,middle
fuzzy-search,middle
jwt,middle
node-tmp-sync,middle
gulp-standard,middle
memfs,middle
msgpack-lite,middle
pug-cli,middle
Commando,middle
broccoli-string-replace,middle
eslint-config-node-style-guide,middle
postcss-functions,middle
rework-plugin-url,middle
actions-on-google-nodejs,middle
rev-del,middle
Node.CLI-Progress,middle
bossy,middle
read-yaml,middle
rethinkdbdash,middle
coffee,middle
svg4everybody,middle
mocha-text-cov,middle
gulp-tape,middle
broccoli-autoprefixer,middle
buffer-indexof-polyfill,middle
karma-tap-reporter,middle
react-paginate,middle
babel-plugin-precompile-charcodes,middle
loopback-swagger,middle
gulp-changed-in-place,middle
remove-markdown,middle
console.table,middle
regextras,middle
menubar,middle
swagger-jsdoc,middle
react-native-modalbox,middle
gp-js-client,middle
telegraf,middle
merkle-lib,middle
df,middle
is-async-supported,middle
versionify,middle
mocha-eslint,middle
normalize-newline,middle
dependency-injection,middle
node-homedir,middle
js-sha256,middle
react-native-side-menu,middle
commonmark-react-renderer,middle
ember-browserify,middle
template-html-loader,middle
auto-changelog,middle
markdown-it-mark,middle
pem-jwk,middle
babel-preset-es2015-without-strict,middle
bootstrap-sass-loader,middle
is-travis,middle
gulp-stylint,middle
postcss-css-variables,middle
google-maps-services-js,middle
ember-cli-deploy,middle
algoliasearch-helper-js,middle
ace,middle
react-toggle,middle
react-sidebar,middle
verup,middle
prepush,middle
react-masonry-component,middle
cors,middle
node-comment-json,middle
eslint-config-react,middle
pushdata-bitcoin,middle
fs-temp,middle
contentful-sdk-core,middle
node-html-pdf,middle
grunt-sass-lint,middle
mocha-clean,middle
promises-es6,middle
rollup-plugin-istanbul,middle
isomorphic-form-data,middle
postcss-devtools,middle
eslint-plugin,middle
boundary,middle
load-grunt-configs,middle
electron-store,middle
gulp-remote-src,middle
istanbul-threshold-checker,middle
react-click-outside,middle
babelrc-rollup,middle
babel-preset-power-assert,middle
js-libp2p-crypto,middle
nodejs-driver,middle
import-glob-loader,middle
universal-router,middle
vuvuzela,middle
slack-bot-api,middle
purifycss-webpack,middle
koala,middle
react-native-collapsible,middle
javascript-sdk,middle
rollup-plugin-bundle-size,middle
read-file,middle
stream-assert,middle
shady-css-parser,middle
StackBlur,middle
multireducer,middle
redux-undo,middle
unassert,middle
eslint-config-kentcdodds,middle
draftjs-to-html,middle
jpegoptim-bin,middle
redux-devtools-themes,middle
imagemin-jpeg-recompress,middle
firstline,middle
karma-jenkins-reporter,middle
require-in-the-middle,middle
escallmatch,middle
react-component-gulp-tasks,middle
electron-json-storage,middle
inject-lr-script,middle
node-argx,middle
markdown-it-attrs,middle
babel-preset-flow-vue,middle
prompt-sync,middle
rework-plugin-function,middle
parse-mongo-url,middle
babel-preset-es2015-node6,middle
github-changes,middle
appcache-webpack-plugin,middle
ember-cli-autoprefixer,middle
markdown-extensions,middle
postcss-inline-svg,middle
fetch-client,middle
assign-deep,middle
node-MarkerWithLabel,middle
event-aggregator,middle
ghpages,middle
react-scrolllock,middle
js-ipld-dag-cbor,middle
is-valid-path,middle
unescape-js,middle
mongoose-deep-populate,middle
babel-plugin-css-modules-transform,middle
npm-installer,middle
config-lite,middle
electron-window-state,middle
konva,middle
unassertify,middle
opt-merger,middle
simple-sha1,middle
gulp-ava,middle
ember-power-select,middle
postcss-easings,middle
is-invalid-path,middle
react-svg-loader,middle
node-fx-runner,middle
react-dropdown,middle
pal,middle
utfstring,middle
vuex-i18n,middle
element-resize-event,middle
gitbook,middle
webpack-middleware,middle
random-item,middle
ember-lodash,middle
throng,middle
giphy-api,middle
wangEditor,middle
rtl-detect,middle
opt-cli,middle
to-ico,middle
node-elm-compiler,middle
atool-build,middle
dropbox-sdk-js,middle
nash,middle
ripple,middle
react-native-progress,middle
map-props,middle
router,middle
gulp-mustache,middle
react-native-communications,middle
gulp-processhtml,middle
hapi-cors-headers,middle
binding,middle
i18next-sprintf-postProcessor,middle
templating-resources,middle
react-highlight,middle
react-native-navbar,middle
joi-assert,middle
gulp-reduce-file,middle
flickity,middle
node-test-runner,middle
ember-cli-typescript,middle
match-at,middle
hotkeys,middle
composition,middle
chai-shallow-deep-equal,middle
react-collapse,middle
express-sanitizer,middle
jsonist,middle
globo,middle
eslint-plugin-css-modules,middle
compose-function,middle
karma-systemjs,middle
hexo-generator-json-content,middle
babel-plugin-root-import,middle
Validator,middle
humanize-string,middle
licensify,middle
fastfall,middle
fast-async,middle
babel-plugin-webpack-alias,middle
markdown-it-sup,middle
standard-format,middle
hugo-bin,middle
eslint-plugin-github,middle
vue-touch,middle
eslint-config-peerigon,middle
fn-args,middle
has-require,middle
react-group,middle
sort-by,middle
parse-gitignore,middle
content,middle
mount-point,middle
defaults-deep,middle
closest,middle
glue,middle
gulp-atom-electron,middle
trash-cli,middle
mochawesome-report-generator,middle
call,middle
1rm.js,bottom
iputil,bottom
2048term,bottom
2fa,bottom
301-node,bottom
keystone,bottom
531.js,bottom
ab-testing,bottom
absync,bottom
node-accept-language,bottom
acqua,bottom
active-knex,bottom
activity-streams.js,bottom
add-func-name,bottom
node-adif,bottom
afinn-96,bottom
aflow.js,bottom
airtight-css-lint,bottom
alchemist-hsl,bottom
algolia-webcrawler,bottom
ampersand-collection-pouchdb-mixin,bottom
ampersand-date-view,bottom
ampersand-model-patch-mixin,bottom
ampersand-radio-view,bottom
ampersand-sync-localforage,bottom
amqp.channel,bottom
anchor,bottom
angular-directive-boilerplate,bottom
angular-integer,bottom
angular-names,bottom
angular-nl2br,bottom
angular-sockjs,bottom
angular-text-toggle,bottom
angular-ziptastic,bottom
animar,bottom
node-ansi,bottom
apimock-middleware,bottom
apostrophe-facebook,bottom
arangojs-extended,bottom
node-areacodes,bottom
arpisea,bottom
array-fill,bottom
arrayof,bottom
node-artstack,bottom
asapi,bottom
asorted,bottom
ass-to-vtt,bottom
assert-http,bottom
asset-inliner,bottom
assetment,bottom
assets-bower-ci,bottom
attrition,bottom
auto-generate,bottom
autocode,bottom
autorecordmic,bottom
avprober,bottom
aws-billing,bottom
aws-instances,bottom
backbone-computed-properties,bottom
backbone-db-elasticsearch,bottom
backbone-db-mongodb,bottom
backbone.declarative.views,bottom
backbone.ribs,bottom
backpack-ht16k33,bottom
barterer,bottom
node-basecontroller-core,bottom
BaseCRM,bottom
batch-me-if-you-can,bottom
baucis-vivify,bottom
node-bcat,bottom
becklyn-gulp,bottom
beercalc_js,bottom
bem-deps,bottom
node-benchmarks,bottom
benderjs-amd,bottom
bepacked,bottom
big-red-button,bottom
bip32-wallet,bottom
bitbucket-ips,bottom
blender,bottom
contact-form,bottom
lightbox,bottom
rss,bottom
bloggy,bottom
bloggy-marked-toc,bottom
bloggy-rss,bottom
blum,bottom
bmfont2json,bottom
bookshelf-manager,bottom
boomcatch,bottom
boring-config,bottom
bpmn-js-debug-overlay,bottom
breadboard,bottom
breeze.js.labs,bottom
breeze.js.bower,bottom
brim,bottom
broccoli-csssplit,bottom
broccoli-i18n-lazy-lookup,bottom
broccoli-ng-templatecache,bottom
broccoli-splitter,bottom
browser-pdf-support,bottom
browserify-dev-bundler,bottom
browserify-transform-dna,bottom
buffered-transform,bottom
builder-coffee,bottom
gulp-imacss,bottom
bunnydo,bottom
busylight,bottom
buzzfeed-headlines,bottom
caber,bottom
cache-wrapper,bottom
calendar-matrix,bottom
callback-with,bottom
callback-timer,bottom
callback-wrapper,bottom
cantina-app-users,bottom
carcass-program,bottom
card-dealer,bottom
catbox-s3,bottom
cfn-config,bottom
chain-args,bottom
charabanc,bottom
chemical-symbols,bottom
choice,bottom
clever-tools,bottom
cli-snow,bottom
cli-spy,bottom
clingwrap,bottom
clocker,bottom
cluster-advisor,bottom
cluster-role,bottom
clusterjs,bottom
co-event-wrap,bottom
co-thrift,bottom
code-snippets,bottom
co-inbox,bottom
codewars,bottom
collect-callbacks,bottom
colorzy,bottom
colsole,bottom
command-mapper,bottom
comparative-selection,bottom
comparray,bottom
complexion-time-map,bottom
dialog,bottom
remote-form,bottom
concat-image,bottom
configurable-http-proxy,bottom
conflab,bottom
confy-node,bottom
connect-weinre-injector,bottom
consolation,bottom
node-constant-contact,bottom
contractual,bottom
coreos-cluster,bottom
corq,bottom
correcthorse,bottom
couchdb-sync,bottom
couchdb-user-account,bottom
countdown.js,bottom
countn,bottom
cpa.js,bottom
CrawlerX,bottom
create-cipher,bottom
crossbar-nodejs,bottom
Cruiser,bottom
css-driven,bottom
css-url-versioner,bottom
csv-join,bottom
ctrllr,bottom
cyclon.p2p-rtc-client,bottom
d3-star-plot,bottom
d6,bottom
daily-comic.js,bottom
dailymotion-sdk-node,bottom
danfe,bottom
dbcsv,bottom
node-ddate,bottom
deferred-interval,bottom
define-exceptions,bottom
delighted-node,bottom
derequire-transform,bottom
detect-data-stream,bottom
detect-rename,bottom
deuces,bottom
dev-web-server,bottom
devs,bottom
dial-roller,bottom
directory-path,bottom
dirtybit,bottom
displayer-api-client,bottom
docker-pull,bottom
dockerify,bottom
dockerspaniel,bottom
docooment,bottom
dogedc,bottom
dom-replace-html-stream,bottom
dominator,bottom
dtools,bottom
dotignore,bottom
dotpath-compile,bottom
download-email-attachments,bottom
droonga-http-server,bottom
drop-while,bottom
dropbox-auth-cli,bottom
dropbox-mock.js,bottom
dsigner,bottom
dtree,bottom
dustjacket,bottom
dynamo-converters,bottom
e3x-cs3a,bottom
edp-bcs,bottom
edx-modulestore-node,bottom
eightbyeight,bottom
email-obfuscator,bottom
ember-cli-admin-languages,bottom
ember-cli-array-slice,bottom
ember-cli-jsx,bottom
ember-dropkick,bottom
ember-pdfjs,bottom
emic2,bottom
emoney,bottom
enb-browserify,bottom
enb-y-i18n,bottom
node-engine-light,bottom
epinfer,bottom
core,bottom
erroz,bottom
es-tar,bottom
es6-project-starter-kit,bottom
ESB-node-driver,bottom
espial,bottom
esri-dump,bottom
esri-gnip,bottom
estktap,bottom
event-source-emitter,bottom
excuses,bottom
exp-asynccache,bottom
express-batch,bottom
express-boot,bottom
express-fluent-logger,bottom
express-orm-mvc,bottom
express-qrcode,bottom
express-wrangler,bottom
extract-gettext,bottom
F.js,bottom
fastft-api-client,bottom
couchdb-fauxton,bottom
fb-node,bottom
fb-xmpp-connector,bottom
FileBufferReader,bottom
node-fetch-politely,bottom
node-file-index,bottom
node-file-lookup,bottom
filefog-onedrive,bottom
filetobase64,bottom
fist-fistlabs_unit_serial,bottom
json-fling,bottom
node-flipr,bottom
flow-view,bottom
nodejs-fluent-validator,bottom
fluxer,bottom
fluxxor-autobind,bottom
fontpath,bottom
foreach-async,bottom
format-url,bottom
fredApi,bottom
freeloader-stream,bottom
Fritbot,bottom
frozen-express,bottom
fruit,bottom
fsm2dot,bottom
ftp-generate-response,bottom
fxos-simulators,bottom
ga-localstorage,bottom
gaffa-frame,bottom
gaffa-image,bottom
game-grid,bottom
gardr-plugin-ext-burt,bottom
plugin-host-resize,bottom
node-gcm-cli,bottom
gcr,bottom
gearsloth,bottom
gedcomx-date-js,bottom
generator-appsngen-web-widget,bottom
generator-bangular,bottom
generator-lib-java,bottom
generator-meshblu-connector,bottom
generator-npm-module,bottom
generator-react-gulp-browserify,bottom
generator-readme,bottom
generator-utils,bottom
generator-videojs-plugin,bottom
geo-tree,bottom
geohash-poly,bottom
geojson-segment,bottom
geojson-summary,bottom
node-get-all-js-files,bottom
getpackages,bottom
ghost-export,bottom
ghost-render,bottom
ghusers,bottom
gitbook-grvis,bottom
gitbook-plugin-comments,bottom
gitbook-plugin-lexicon,bottom
gitbook-plugin-olark,bottom
gitbook-plugin-piwik,bottom
github-jobs,bottom
github-language,bottom
githubNabber,bottom
github-todos,bottom
gitignoreensure,bottom
glry,bottom
gnar,bottom
gocd-api,bottom
goodscloud-node,bottom
node-google-alerts,bottom
google-cloud-storage,bottom
google-fonts-downloader,bottom
googlefonts,bottom
governor,bottom
grabetha,bottom
gracenode-session,bottom
grunt-api-meta,bottom
grunt-blogbuilder,bottom
grunt-caveman,bottom
grunt-crowdin,bottom
grunt-date-suffix,bottom
grunt-htmllint-http,bottom
grunt-jscpd-reporter,bottom
grunt-knex-schema,bottom
grunt-metascript,bottom
grunt-neo4j,bottom
grunt-nexe,bottom
grunt-npm-helper,bottom
grunt-slm,bottom
grunt-stylus-base-files,bottom
grunt-template-jasmine-dojo,bottom
thorJS-builder,bottom
grunt-xunit,bottom
gryd,bottom
gulp-cdn-ref,bottom
gulp-coverage,bottom
gulp-dotjs-packer,bottom
gulp-es6-module-jstransform,bottom
gulp-exemplary,bottom
gulp-framework-dep,bottom
gulp-haste,bottom
gulp-mock,bottom
gulp-p4,bottom
gulp-serve,bottom
gulp-sloc,bottom
gulp-use-asset,bottom
hammer-draggables,bottom
handle-callback,bottom
handpipe.js,bottom
hapi-bookshelf,bottom
hapi-boom-jsend,bottom
hapi-jwt,bottom
hapi-magic-filter,bottom
hapi-monit,bottom
hapi-prerender,bottom
hapi-route-directory,bottom
harmony,bottom
has-key-deep,bottom
haypeaeye,bottom
hbars,bottom
heartbleed.js,bottom
heroku-proxy,bottom
hershey,bottom
node-hertz,bottom
hexo-migrator-joomla,bottom
hexo-renderer-haml,bottom
hideout,bottom
high5,bottom
hipku,bottom
hmks,bottom
hogan-brisket,bottom
hookies,bottom
hotpath,bottom
html-pipe,bottom
htmlizer,bottom
http-proxy-noCrash,bottom
http-request-builder,bottom
node-http-verror,bottom
humanb,bottom
iconify,bottom
node-ifconfig-parser,bottom
iffi,bottom
iframe-api,bottom
ify,bottom
crop-rotate-and-sample-in-browser,bottom
Imager.jsx,bottom
ImageServer,bottom
imapseagull,bottom
impersonate,bottom
indexeddb-mock,bottom
infer,bottom
injectify-view,bottom
innkeeper-storememory,bottom
node-inst,bottom
ioBroker.js-controller,bottom
ios-icon-resize,bottom
ios-splash-generate,bottom
iostreams,bottom
ipod,bottom
is-it-purple,bottom
is-keyword,bottom
is-localhost,bottom
nodejs-is-writable-stream,bottom
isansi,bottom
isModule,bottom
iso-http,bottom
issuemd,bottom
itbit,bottom
IVS.js,bottom
jasmine-jsonpath,bottom
jasmine-n-matchers,bottom
jekyll-meta-from-markdown,bottom
jenny,bottom
jisonify,bottom
node-jl,bottom
joi-machine,bottom
jQuerySimpleMask,bottom
jqueue,bottom
js-commons,bottom
node-jscrap,bottom
jsdelta,bottom
jsdoccer,bottom
jshint-reporter-bamboo,bottom
json-readdir-stream,bottom
node-json-rest-client,bottom
json-schema-view,bottom
json-silo,bottom
json-web-crawler,bottom
jsos-util,bottom
jthoober,bottom
jxt-atom,bottom
kardia,bottom
karma-bamboo-reporter,bottom
karma-chai-factories,bottom
karma-chai-js-factories,bottom
karma-gzip-preprocessor,bottom
karma-jasmine-cucumber,bottom
karma-lodash-template-preprocessor,bottom
karma-ng-server-side-template2js-preprocessor,bottom
karma-nunjucks,bottom
karma-sets,bottom
ketch,bottom
key-remap,bottom
kimi,bottom
kindle-periodical,bottom
kiss,bottom
kmath,bottom
kmp-matcher,bottom
knex-schema-builder,bottom
knockout-else,bottom
knowhow,bottom
koa-barista,bottom
koa-nunjucks,bottom
krampus,bottom
lag,bottom
node-language-detect-exec,bottom
node-language-detect-spawn,bottom
node-language-exec,bottom
node-language-spawn,bottom
lark-bootstrap,bottom
lark-log,bottom
lark-router,bottom
lark-views,bottom
lasercat-workshop,bottom
latex-watcher,bottom
node-lazy-api,bottom
lcd-pcf8574,bottom
Leaflet.MapboxVectorTile,bottom
Leaflet.timeline,bottom
led-canvas-fonts,bottom
lego-client,bottom
node-lei-routes-sort,bottom
leinwand,bottom
leo-platform-arduino,bottom
less-runner,bottom
less-stream,bottom
level-fancy,bottom
level-random,bottom
level-rest,bottom
libreoffice-convert,bottom
license-gen,bottom
line-length.js,bottom
node-local-config,bottom
logbrok,bottom
node-logentries-retrieving-log,bottom
node-logify,bottom
loglog-server-mongodb,bottom
lookup-deps,bottom
loopback-connector-kafka,bottom
node-lru-cache-cluster,bottom
ls-fs,bottom
m3u8downloader,bottom
js-m4,bottom
