Repository_URL,Num_Dependents
https://github.com/bendrucker/1rm.js,1
https://github.com/leoner/iputil,1
https://github.com/winsonwq/2048term,1
https://github.com/simontabor/2fa,1
https://github.com/markhuge/301-node,1
https://github.com/47pages/keystone,1
https://github.com/bendrucker/531.js,1
https://github.com/xavimb/ab-testing,1
https://github.com/oliversalzburg/absync,1
https://github.com/tinganho/node-accept-language,1
https://github.com/sergiofilhowz/acqua,1
https://github.com/SamDuvall/active-knex,1
https://github.com/silverbucket/activity-streams.js,1
https://github.com/shibukawa/add-func-name,1
https://github.com/7h0ma5/node-adif,1
https://github.com/words/afinn-96,1
https://github.com/jaridmargolin/aflow.js,1
https://github.com/unframework/airtight-css-lint,1
https://github.com/webdesserts/alchemist-hsl,1
https://github.com/DeuxHuitHuit/algolia-webcrawler,1
https://github.com/svnlto/ampersand-collection-pouchdb-mixin,1
https://github.com/mikehedman/ampersand-date-view,1
https://github.com/aaronmccall/ampersand-model-patch-mixin,1
https://github.com/mikehedman/ampersand-radio-view,1
https://github.com/Neofonie/ampersand-sync-localforage,1
https://github.com/NGPVAN/amqp.channel,1
https://github.com/cbopp-art/anchor,1
https://github.com/mohsen1/angular-directive-boilerplate,1
https://github.com/bendrucker/angular-integer,1
https://github.com/bendrucker/angular-names,1
https://github.com/goodeggs/angular-nl2br,1
https://github.com/bendrucker/angular-sockjs,1
https://github.com/bendrucker/angular-text-toggle,1
https://github.com/bendrucker/angular-ziptastic,1
https://github.com/vincentriemer/animar,1
https://github.com/echicken/node-ansi,1
https://github.com/hokaccha/apimock-middleware,1
https://github.com/apostrophecms-legacy/apostrophe-facebook,1
https://github.com/sogko/arangojs-extended,1
https://github.com/BlueRival/node-areacodes,1
https://github.com/goosetail/arpisea,1
https://github.com/1000ch/array-fill,1
https://github.com/miketheprogrammer/arrayof,1
https://github.com/IonicaBizau/node-artstack,1
https://github.com/quoideneuf/asapi,1
https://github.com/2color/asorted,1
https://github.com/jamiees2/ass-to-vtt,1
https://github.com/mapbox/assert-http,1
https://github.com/jasonbellamy/asset-inliner,1
https://github.com/jasonbellamy/assetment,1
https://github.com/at15/assets-bower-ci,1
https://github.com/pomke/attrition,1
https://github.com/ozum/auto-generate,1
https://github.com/ctate/autocode,1
https://github.com/Jam3/autorecordmic,1
https://github.com/pete-otaqui/avprober,1
https://github.com/segmentio/aws-billing,1
https://github.com/micnews/aws-instances,1
https://github.com/skaterdav85/backbone-computed-properties,1
https://github.com/Everyplay/backbone-db-elasticsearch,1
https://github.com/Everyplay/backbone-db-mongodb,1
https://github.com/hashchange/backbone.declarative.views,1
https://github.com/ZaValera/backbone.ribs,1
https://github.com/BinaryNoggin/backpack-ht16k33,1
https://github.com/reelyactive/barterer,1
https://github.com/AgoraTech/node-basecontroller-core,1
https://github.com/yurypaleev/BaseCRM,1
https://github.com/bendrucker/batch-me-if-you-can,1
https://github.com/wprl/baucis-vivify,1
https://github.com/kessler/node-bcat,1
https://github.com/Becklyn/becklyn-gulp,1
https://github.com/brewerwall/beercalc_js,1
https://github.com/floatdrop/bem-deps,1
https://github.com/majimboo/node-benchmarks,1
https://github.com/benderjs/benderjs-amd,1
https://github.com/jtrussell/bepacked,1
https://github.com/miguelmota/big-red-button,1
https://github.com/bitcoinjs/bip32-wallet,1
https://github.com/diorahman/bitbucket-ips,1
https://github.com/salesforce-ux/blender,1
https://github.com/Bloggify/contact-form,1
https://github.com/Bloggify/lightbox,1
https://github.com/Bloggify/rss,1
https://github.com/marcells/bloggy,1
https://github.com/marcells/bloggy-marked-toc,1
https://github.com/marcells/bloggy-rss,1
https://github.com/chasevida/blum,1
https://github.com/mattdesl/bmfont2json,1
https://github.com/ericclemmons/bookshelf-manager,1
https://github.com/springernature/boomcatch,1
https://github.com/mikemaccana/boring-config,1
https://github.com/nikku/bpmn-js-debug-overlay,1
https://github.com/notonthehighstreet/breadboard,1
https://github.com/Breeze/breeze.js.labs,1
https://github.com/Breeze/breeze.js.bower,1
https://github.com/gajus/brim,1
https://github.com/aboekhoff/broccoli-csssplit,1
https://github.com/BookingSync/broccoli-i18n-lazy-lookup,1
https://github.com/statianzo/broccoli-ng-templatecache,1
https://github.com/mohamnag/broccoli-splitter,1
https://github.com/featurist/browser-pdf-support,1
https://github.com/selfcontained/browserify-dev-bundler,1
https://github.com/outbounder/browserify-transform-dna,1
https://github.com/kesla/buffered-transform,1
https://github.com/componentjs/builder-coffee,1
https://github.com/akoenig/gulp-imacss,1
https://github.com/bojand/bunnydo,1
https://github.com/porsager/busylight,1
https://github.com/TJkrusinski/buzzfeed-headlines,1
https://github.com/wraithgar/caber,1
https://github.com/thody/cache-wrapper,1
https://github.com/bclinkinbeard/calendar-matrix,1
https://github.com/landau/callback-with,1
https://github.com/petey/callback-timer,1
https://github.com/danmactough/callback-wrapper,1
https://github.com/cantina/cantina-app-users,1
https://github.com/Wiredcraft/carcass-program,1
https://github.com/theaccordance/card-dealer,1
https://github.com/fhemberger/catbox-s3,1
https://github.com/mapbox/cfn-config,1
https://github.com/jwoudenberg/chain-args,1
https://github.com/roylines/charabanc,1
https://github.com/KenanY/chemical-symbols,1
https://github.com/lucthev/choice,1
https://github.com/CleverCloud/clever-tools,1
https://github.com/IonicaBizau/cli-snow,1
https://github.com/unkillbob/cli-spy,1
https://github.com/goodeggs/clingwrap,1
https://github.com/substack/clocker,1
https://github.com/binocarlos/cluster-advisor,1
https://github.com/leonardw/cluster-role,1
https://github.com/namshi/clusterjs,1
https://github.com/cojs/co-event-wrap,1
https://github.com/cEhlen/co-thrift,1
https://github.com/bahmutov/code-snippets,1
https://github.com/MangroveTech/co-inbox,1
https://github.com/shime/codewars,1
https://github.com/iarna/collect-callbacks,1
https://github.com/dak0rn/colorzy,1
https://github.com/bredikhin/colsole,1
https://github.com/RickEyre/command-mapper,1
https://github.com/d-pac/comparative-selection,1
https://github.com/JonathanPrince/comparray,1
https://github.com/tests-always-included/complexion-time-map,1
https://github.com/compose-ui/dialog,1
https://github.com/compose-ui/remote-form,1
https://github.com/bencevans/concat-image,1
https://github.com/jupyterhub/configurable-http-proxy,1
https://github.com/tes/conflab,1
https://github.com/confyio/confy-node,1
https://github.com/netputer/connect-weinre-injector,1
https://github.com/alexjab/consolation,1
https://github.com/kbanman/node-constant-contact,1
https://github.com/codemix/contractual,1
https://github.com/kenperkins/coreos-cluster,1
https://github.com/atuttle/corq,1
https://github.com/bevacqua/correcthorse,1
https://github.com/oroce/couchdb-sync,1
https://github.com/twilson63/couchdb-user-account,1
https://github.com/dominikschreiber/countdown.js,1
https://github.com/dejanr/countn,1
https://github.com/ebu/cpa.js,1
https://github.com/dlutwuwei/CrawlerX,1
https://github.com/calvinmetcalf/create-cipher,1
https://github.com/macpie/crossbar-nodejs,1
https://github.com/HelpfulHuman/Cruiser,1
https://github.com/weareoffsider/css-driven,1
https://github.com/jansanchez/css-url-versioner,1
https://github.com/maxogden/csv-join,1
https://github.com/CtrlLA/ctrllr,1
https://github.com/nicktindall/cyclon.p2p-rtc-client,1
https://github.com/kevinschaul/d3-star-plot,1
https://github.com/lighterio/d6,1
https://github.com/mattiasrunge/daily-comic.js,1
https://github.com/OtaK/dailymotion-sdk-node,1
https://github.com/brasil-js/danfe,1
https://github.com/tleen/dbcsv,1
https://github.com/ishmayeck/node-ddate,1
https://github.com/trygve-lie/deferred-interval,1
https://github.com/zerkalica/define-exceptions,1
https://github.com/delighted/delighted-node,1
https://github.com/calvinmetcalf/derequire-transform,1
https://github.com/finnp/detect-data-stream,1
https://github.com/nknapp/detect-rename,1
https://github.com/rootslab/deuces,1
https://github.com/manufitoussi/dev-web-server,1
https://github.com/jansedivy/devs,1
https://github.com/KoryNunn/dial-roller,1
https://github.com/davidenq/directory-path,1
https://github.com/hayes/dirtybit,1
https://github.com/stenington/displayer-api-client,1
https://github.com/mafintosh/docker-pull,1
https://github.com/thlorenz/dockerify,1
https://github.com/jdolitsky/dockerspaniel,1
https://github.com/gian788/docooment,1
https://github.com/phette23/dogedc,1
https://github.com/chrisdickinson/dom-replace-html-stream,1
https://github.com/shane-tomlinson/dominator,1
https://github.com/dookie23/dtools,1
https://github.com/bmeck/dotignore,1
https://github.com/tsertkov/dotpath-compile,1
https://github.com/eHealthAfrica/download-email-attachments,1
https://github.com/droonga/droonga-http-server,1
https://github.com/landau/drop-while,1
https://github.com/watson/dropbox-auth-cli,1
https://github.com/avh4/dropbox-mock.js,1
https://github.com/naiveroboticist/dsigner,1
https://github.com/RP-3/dtree,1
https://github.com/krakenjs/dustjacket,1
https://github.com/chrisguttandin/dynamo-converters,1
https://github.com/quartzjer/e3x-cs3a,1
https://github.com/ecomfe/edp-bcs,1
https://github.com/IONISx/edx-modulestore-node,1
https://github.com/nlacasse/eightbyeight,1
https://github.com/bertrandom/email-obfuscator,1
https://github.com/ember-admin/ember-cli-admin-languages,1
https://github.com/j-/ember-cli-array-slice,1
https://github.com/machty/ember-cli-jsx,1
https://github.com/Robdel12/ember-dropkick,1
https://github.com/mysterlune/ember-pdfjs,1
https://github.com/pirumpi/emic2,1
https://github.com/bernardmcmanus/emoney,1
https://github.com/floatdrop/enb-browserify,1
https://github.com/enb-make/enb-y-i18n,1
https://github.com/jeremiak/node-engine-light,1
https://github.com/skerit/epinfer,1
https://github.com/epochtalk/core,1
https://github.com/peerigon/erroz,1
https://github.com/nbqx/es-tar,1
https://github.com/GianlucaGuarini/es6-project-starter-kit,1
https://github.com/h0x91b/ESB-node-driver,1
https://github.com/normanjoyner/espial,1
https://github.com/openaddresses/esri-dump,1
https://github.com/Esri/esri-gnip,1
https://github.com/nbqx/estktap,1
https://github.com/sentientwaffle/event-source-emitter,1
https://github.com/thecatontheflat/excuses,1
https://github.com/ExpressenAB/exp-asynccache,1
https://github.com/yarikos/express-batch,1
https://github.com/iwatakeshi/express-boot,1
https://github.com/stoshiya/express-fluent-logger,1
https://github.com/ddo/express-orm-mvc,1
https://github.com/IgorDePaula/express-qrcode,1
https://github.com/seanmcgary/express-wrangler,1
https://github.com/mvhenten/extract-gettext,1
https://github.com/colin-dumitru/F.js,1
https://github.com/Financial-Times/fastft-api-client,1
https://github.com/apache/couchdb-fauxton,1
https://github.com/edanchenkov/fb-node,1
https://github.com/fritbot/fb-xmpp-connector,1
https://github.com/muaz-khan/FileBufferReader,1
https://github.com/voxpelli/node-fetch-politely,1
https://github.com/kessler/node-file-index,1
https://github.com/leizongmin/node-file-lookup,1
https://github.com/filefog/filefog-onedrive,1
https://github.com/miguelmota/filetobase64,1
https://github.com/fistlabs/fist-fistlabs_unit_serial,1
https://github.com/BlueRival/json-fling,1
https://github.com/godaddy/node-flipr,1
https://github.com/fibo/flow-view,1
https://github.com/coditorium/nodejs-fluent-validator,1
https://github.com/yuanzong/fluxer,1
https://github.com/STRML/fluxxor-autobind,1
https://github.com/mattdesl/fontpath,1
https://github.com/sonewman/foreach-async,1
https://github.com/lukebond/format-url,1
https://github.com/Rleahy22/fredApi,1
https://github.com/rprieto/freeloader-stream,1
https://github.com/fritbot/Fritbot,1
https://github.com/denis-sokolov/frozen-express,1
https://github.com/nodefruit/fruit,1
https://github.com/vstirbu/fsm2dot,1
https://github.com/saibotsivad/ftp-generate-response,1
https://github.com/nicola/fxos-simulators,1
https://github.com/davidmurdoch/ga-localstorage,1
https://github.com/KoryNunn/gaffa-frame,1
https://github.com/KoryNunn/gaffa-image,1
https://github.com/marushkevych/game-grid,1
https://github.com/finn-no/gardr-plugin-ext-burt,1
https://github.com/gardr/plugin-host-resize,1
https://github.com/yujinlim/node-gcm-cli,1
https://github.com/evanlucas/gcr,1
https://github.com/meetings/gearsloth,1
https://github.com/trepo/gedcomx-date-js,1
https://github.com/appsngen/generator-appsngen-web-widget,1
https://github.com/42Zavattas/generator-bangular,1
https://github.com/xvik/generator-lib-java,1
https://github.com/octoblu/generator-meshblu-connector,1
https://github.com/domharrington/generator-npm-module,1
https://github.com/randylien/generator-react-gulp-browserify,1
https://github.com/tlvince/generator-readme,1
https://github.com/eventualbuddha/generator-utils,1
https://github.com/videojs/generator-videojs-plugin,1
https://github.com/salsita/geo-tree,1
https://github.com/derrickpelletier/geohash-poly,1
https://github.com/mapbox/geojson-segment,1
https://github.com/mapbox/geojson-summary,1
https://github.com/mrjoelkemp/node-get-all-js-files,1
https://github.com/ggkovacs/getpackages,1
https://github.com/brianokeefe/ghost-export,1
https://github.com/mixu/ghost-render,1
https://github.com/rvagg/ghusers,1
https://github.com/romanlytkin/gitbook-grvis,1
https://github.com/erixtekila/gitbook-plugin-comments,1
https://github.com/pm5/gitbook-plugin-lexicon,1
https://github.com/nicholasareed/gitbook-plugin-olark,1
https://github.com/emmanuel-keller/gitbook-plugin-piwik,1
https://github.com/peterdemartini/github-jobs,1
https://github.com/mcwhittemore/github-language,1
https://github.com/Runnable/githubNabber,1
https://github.com/naholyr/github-todos,1
https://github.com/mateodelnorte/gitignoreensure,1
https://github.com/omichelsen/glry,1
https://github.com/dominikschreiber/gnar,1
https://github.com/birgitta410/gocd-api,1
https://github.com/goodscloud/goodscloud-node,1
https://github.com/slajax/node-google-alerts,1
https://github.com/maxogden/google-cloud-storage,1
https://github.com/alberto-bottarini/google-fonts-downloader,1
https://github.com/udondan/googlefonts,1
https://github.com/mrlannigan/governor,1
https://github.com/KoryNunn/grabetha,1
https://github.com/voltrue2/gracenode-session,1
https://github.com/bob-gray/grunt-api-meta,1
https://github.com/matthewbdaly/grunt-blogbuilder,1
https://github.com/andrewchilds/grunt-caveman,1
https://github.com/hailocab/grunt-crowdin,1
https://github.com/iameugenejo/grunt-date-suffix,1
https://github.com/branneman/grunt-htmllint-http,1
https://github.com/linslin/grunt-jscpd-reporter,1
https://github.com/lemonde/grunt-knex-schema,1
https://github.com/meinaart/grunt-metascript,1
https://github.com/tandrewnichols/grunt-neo4j,1
https://github.com/e-jigsaw/grunt-nexe,1
https://github.com/labaneilers/grunt-npm-helper,1
https://github.com/MichaelDanilov/grunt-slm,1
https://github.com/bankiru/grunt-stylus-base-files,1
https://github.com/MartinDoyleUK/grunt-template-jasmine-dojo,1
https://github.com/renie/thorJS-builder,1
https://github.com/jgillich/grunt-xunit,1
https://github.com/ablankenship10/gryd,1
https://github.com/lisposter/gulp-cdn-ref,1
https://github.com/dylanb/gulp-coverage,1
https://github.com/xquezme/gulp-dotjs-packer,1
https://github.com/schnittstabil/gulp-es6-module-jstransform,1
https://github.com/jwoudenberg/gulp-exemplary,1
https://github.com/enricolucia/gulp-framework-dep,1
https://github.com/vzaccaria/gulp-haste,1
https://github.com/DaniloShan/gulp-mock,1
https://github.com/wokim/gulp-p4,1
https://github.com/nkt/gulp-serve,1
https://github.com/krzysztof-o/gulp-sloc,1
https://github.com/ktstowell/gulp-use-asset,1
https://github.com/tellnes/hammer-draggables,1
https://github.com/hybridables/handle-callback,1
https://github.com/handpipe/handpipe.js,1
https://github.com/bendrucker/hapi-bookshelf,1
https://github.com/selfcontained/hapi-boom-jsend,1
https://github.com/bwalker8038/hapi-jwt,1
https://github.com/ruiquelhas/hapi-magic-filter,1
https://github.com/bendrucker/hapi-monit,1
https://github.com/wrangr/hapi-prerender,1
https://github.com/clarkie/hapi-route-directory,1
https://github.com/cobbdb/harmony,1
https://github.com/ryanaghdam/has-key-deep,1
https://github.com/darylrowland/haypeaeye,1
https://github.com/code0100fun/hbars,1
https://github.com/yryz/heartbleed.js,1
https://github.com/heroku/heroku-proxy,1
https://github.com/bjnortier/hershey,1
https://github.com/eins78/node-hertz,1
https://github.com/welksonramos/hexo-migrator-joomla,1
https://github.com/hexojs/hexo-renderer-haml,1
https://github.com/tunderdomb/hideout,1
https://github.com/fb55/high5,1
https://github.com/gabemart/hipku,1
https://github.com/devWayne/hmks,1
https://github.com/ericherdzik/hogan-brisket,1
https://github.com/JiriChara/hookies,1
https://github.com/bigpipe/hotpath,1
https://github.com/Automattic/html-pipe,1
https://github.com/Munawwar/htmlizer,1
https://github.com/me97esn/http-proxy-noCrash,1
https://github.com/AlexanderMac/http-request-builder,1
https://github.com/v12/node-http-verror,1
https://github.com/cirocosta/humanb,1
https://github.com/emarschner/iconify,1
https://github.com/yorkie/node-ifconfig-parser,1
https://github.com/psichi/iffi,1
https://github.com/bahmutov/iframe-api,1
https://github.com/KoryNunn/ify,1
https://github.com/sfarthin/crop-rotate-and-sample-in-browser,1
https://github.com/oncletom/Imager.jsx,1
https://github.com/AdoHe/ImageServer,1
https://github.com/maxvyaznikov/imapseagull,1
https://github.com/ZJONSSON/impersonate,1
https://github.com/bevacqua/indexeddb-mock,1
https://github.com/bevacqua/infer,1
https://github.com/ftdebugger/injectify-view,1
https://github.com/Jam3/innkeeper-storememory,1
https://github.com/runk/node-inst,1
https://github.com/ioBroker/ioBroker.js-controller,1
https://github.com/excellenteasy/ios-icon-resize,1
https://github.com/excellenteasy/ios-splash-generate,1
https://github.com/webcast-io/iostreams,1
https://github.com/JacksonTian/ipod,1
https://github.com/lrdiv/is-it-purple,1
https://github.com/hemanth/is-keyword,1
https://github.com/jwerle/is-localhost,1
https://github.com/julien-f/nodejs-is-writable-stream,1
https://github.com/thenativeweb/isansi,1
https://github.com/calvinmetcalf/isModule,1
https://github.com/jedmao/iso-http,1
https://github.com/issuemd/issuemd,1
https://github.com/naddison36/itbit,1
https://github.com/hakatashi/IVS.js,1
https://github.com/abruzzi/jasmine-jsonpath,1
https://github.com/jgrund/jasmine-n-matchers,1
https://github.com/azu/jekyll-meta-from-markdown,1
https://github.com/geek/jenny,1
https://github.com/schmich/jisonify,1
https://github.com/avz/node-jl,1
https://github.com/alanshaw/joi-machine,1
https://github.com/DevUtils/jQuerySimpleMask,1
https://github.com/Tunts/jqueue,1
https://github.com/edorasware/js-commons,1
https://github.com/davidfoliveira/node-jscrap,1
https://github.com/wala/jsdelta,1
https://github.com/ChetHarrison/jsdoccer,1
https://github.com/Cellarise/jshint-reporter-bamboo,1
https://github.com/jarofghosts/json-readdir-stream,1
https://github.com/danieltdt/node-json-rest-client,1
https://github.com/mohsen1/json-schema-view,1
https://github.com/reelyactive/json-silo,1
https://github.com/Knovour/json-web-crawler,1
https://github.com/js-os/jsos-util,1
https://github.com/ceejbot/jthoober,1
https://github.com/legastero/jxt-atom,1
https://github.com/pipedrive/kardia,1
https://github.com/TheSharpieOne/karma-bamboo-reporter,1
https://github.com/solatis/karma-chai-factories,1
https://github.com/solatis/karma-chai-js-factories,1
https://github.com/GreenGremlin/karma-gzip-preprocessor,1
https://github.com/DealerDotCom/karma-jasmine-cucumber,1
https://github.com/deltaidea/karma-lodash-template-preprocessor,1
https://github.com/boneskull/karma-ng-server-side-template2js-preprocessor,1
https://github.com/TakenPilot/karma-nunjucks,1
https://github.com/markgardner/karma-sets,1
https://github.com/boneskull/ketch,1
https://github.com/landau/key-remap,1
https://github.com/mikkoh/kimi,1
https://github.com/moszeed/kindle-periodical,1
https://github.com/kissweb/kiss,1
https://github.com/Khan/kmath,1
https://github.com/guliash/kmp-matcher,1
https://github.com/danielgindi/knex-schema-builder,1
https://github.com/brianmhunt/knockout-else,1
https://github.com/jfelten/knowhow,1
https://github.com/sbani/koa-barista,1
https://github.com/RobinQu/koa-nunjucks,1
https://github.com/marionebl/krampus,1
https://github.com/scottcorgan/lag,1
https://github.com/blakeembrey/node-language-detect-exec,1
https://github.com/blakeembrey/node-language-detect-spawn,1
https://github.com/blakeembrey/node-language-exec,1
https://github.com/blakeembrey/node-language-spawn,1
https://github.com/larkjs/lark-bootstrap,1
https://github.com/larkjs/lark-log,1
https://github.com/larkjs/lark-router,1
https://github.com/larkjs/lark-views,1
https://github.com/tableflip/lasercat-workshop,1
https://github.com/meltuhamy/latex-watcher,1
https://github.com/IonicaBizau/node-lazy-api,1
https://github.com/wilberforce/lcd-pcf8574,1
https://github.com/SpatialServer/Leaflet.MapboxVectorTile,1
https://github.com/skeate/Leaflet.timeline,1
https://github.com/marionebl/led-canvas-fonts,1
https://github.com/herbertliu/lego-client,1
https://github.com/leizongmin/node-lei-routes-sort,1
https://github.com/tillarnold/leinwand,1
https://github.com/AdamMagaluk/leo-platform-arduino,1
https://github.com/Xoxol/less-runner,1
https://github.com/davidrekow/less-stream,1
https://github.com/daywiss/level-fancy,1
https://github.com/michaelnisi/level-random,1
https://github.com/shama/level-rest,1
https://github.com/elwerene/libreoffice-convert,1
https://github.com/lisposter/license-gen,1
https://github.com/shinnn/line-length.js,1
https://github.com/screenrev/node-local-config,1
https://github.com/HugoMuller/logbrok,1
https://github.com/sanemat/node-logentries-retrieving-log,1
https://github.com/purposeindustries/node-logify,1
https://github.com/goodybag/loglog-server-mongodb,1
https://github.com/jonschlinkert/lookup-deps,1
https://github.com/IndustrialCloudSolutions/loopback-connector-kafka,1
https://github.com/robby/node-lru-cache-cluster,1
https://github.com/LiveSafe/ls-fs,1
https://github.com/skimotv/m3u8downloader,1
https://github.com/jeanlauliac/js-m4,1
