Lib_Name,Source,N_Runs,Mean_Cosine_Similarity,Std_Cosine_Similarity,Median_Cosine_Similarity
konva,middle,5,0.9189,0.0134,0.9242
toml-require,middle,5,0.9105,0.0089,0.9099
tweetnacl-js,top,5,0.9089,0.0109,0.9144
couchdb-fauxton,bottom,5,0.9014,0.0055,0.902
node-get-all-js-files,bottom,5,0.8944,0.0065,0.8973
gedcomx-date-js,bottom,5,0.8794,0.0,0.8794
dailymotion-sdk-node,bottom,5,0.8767,0.0072,0.8752
postcss-selector-parser,top,5,0.8767,0.005,0.8744
eslint-config-standard,top,5,0.8765,0.0036,0.8744
nativescript-dev-webpack,middle,5,0.8757,0.0028,0.8771
ESB-node-driver,bottom,5,0.8738,0.0029,0.8759
spotify-web-api-node,middle,5,0.8704,0.0055,0.8716
lru-memoize,middle,5,0.8692,0.0167,0.8585
node-google-alerts,bottom,5,0.8689,0.0128,0.8702
protractor-jasmine2-screenshot-reporter,middle,5,0.8687,0.0166,0.8696
gulp-remote-src,middle,5,0.8675,0.0109,0.8723
enb-browserify,bottom,5,0.8664,0.0214,0.8721
eslint-loader,top,5,0.8629,0.0136,0.8699
compression,top,5,0.8621,0.0095,0.8559
prompt-sync,middle,5,0.8583,0.0061,0.8579
gulp-stylint,middle,5,0.8582,0.0034,0.8599
detect-node,top,5,0.8572,0.0009,0.8574
dropbox-sdk-js,middle,5,0.8567,0.0067,0.8544
grunt-sass-lint,middle,5,0.8564,0.0057,0.8598
gulp-sourcemaps,top,5,0.856,0.03,0.8557
gulp-html5-lint,middle,5,0.8552,0.0145,0.8585
browserify-aes,top,5,0.854,0.0057,0.8505
benderjs-amd,bottom,5,0.8538,0.0056,0.8518
js-multihash,middle,5,0.853,0.007,0.8527
ast-types-flow,top,5,0.853,0.0043,0.8539
google-fonts-downloader,bottom,5,0.8493,0.0034,0.8484
react-native-side-menu,middle,5,0.849,0.0055,0.8474
whatwg-url,top,5,0.849,0.001,0.8489
FileBufferReader,bottom,5,0.8488,0.02,0.8562
engine.io-parser,top,5,0.8482,0.0049,0.8473
read-yaml,middle,5,0.8475,0.0136,0.8509
ember-test-helpers,middle,5,0.8472,0.0077,0.8503
eslint-plugin-node,top,5,0.8445,0.0008,0.8441
commonmark-react-renderer,middle,5,0.844,0.0109,0.8415
webpack-merge,top,5,0.8438,0.0027,0.8422
strip-comments,top,5,0.8437,0.0093,0.8486
vue-hot-reload-api,top,5,0.8428,0.011,0.8368
lark-log,bottom,5,0.8419,0.0046,0.8443
react-quill,middle,5,0.8419,0.0087,0.8472
jstransformer-markdown-it,middle,5,0.8415,0.0031,0.8412
react-native-navbar,middle,5,0.8414,0.0023,0.843
hapi-route-directory,bottom,5,0.8402,0.0037,0.8409
webpack-manifest-plugin,top,5,0.84,0.0405,0.8573
mocha-fivemat-progress-reporter,middle,5,0.8398,0.0063,0.8411
bloggy-rss,bottom,5,0.8397,0.0191,0.8277
gitbook-plugin-piwik,bottom,5,0.8393,0.0147,0.8389
led-canvas-fonts,bottom,5,0.8389,0.0058,0.8397
babel-preset-es2015-node5,middle,5,0.8378,0.0205,0.8445
minimalistic-crypto-utils,top,5,0.8378,0.0058,0.8403
webpack-subresource-integrity,top,5,0.8376,0.0082,0.8418
optimize-css-assets-webpack-plugin,top,5,0.8365,0.0116,0.8408
breeze.js.labs,bottom,5,0.836,0.0205,0.8392
prettier,top,5,0.836,0.002,0.8361
acorn-globals,top,5,0.8359,0.02,0.8476
wangEditor,middle,5,0.8358,0.0036,0.8373
koa-passport,middle,5,0.8355,0.0017,0.8359
array-flatten,top,5,0.8354,0.0179,0.8356
js-multiaddr,middle,5,0.8349,0.025,0.8179
ember-cli-deploy,middle,5,0.8347,0.0066,0.8313
emoji-regex,top,5,0.8346,0.0084,0.8404
react-sidebar,middle,5,0.834,0.0111,0.8312
extract-zip,top,5,0.8339,0.0186,0.8343
libphonenumber-js,middle,5,0.8319,0.0063,0.8305
karma-gzip-preprocessor,bottom,5,0.8313,0.0185,0.8296
js-ipld-dag-cbor,middle,5,0.831,0.0127,0.8401
vue-loader,top,5,0.8307,0.0068,0.8295
gulplog,top,5,0.8306,0.0072,0.8271
nodejs-fluent-validator,bottom,5,0.8294,0.0061,0.8321
gulp-css-inline-images,middle,5,0.8284,0.0063,0.8265
backbone-db-mongodb,bottom,5,0.8267,0.0046,0.8247
has-gulplog,top,5,0.8266,0.0097,0.8335
actions-on-google-nodejs,middle,5,0.8265,0.0054,0.828
node-elm-compiler,middle,5,0.8263,0.0,0.8263
couchdb-user-account,bottom,5,0.826,0.0024,0.8274
react-native-progress,middle,5,0.8258,0.007,0.823
ip-regex,top,5,0.8258,0.0106,0.8269
draftjs-to-html,middle,5,0.8255,0.0015,0.8262
ember-pdfjs,bottom,5,0.8254,0.0111,0.8282
react-grid-layout,middle,5,0.8253,0.0074,0.82
node-lru-cache-cluster,bottom,5,0.8252,0.0028,0.8251
babel-preset-es2015-without-strict,middle,5,0.8248,0.0177,0.8167
d3-star-plot,bottom,5,0.8245,0.0024,0.8234
react-paginate,middle,5,0.8242,0.0046,0.8238
levenshtein-edit-distance,middle,5,0.8228,0.004,0.8233
babel-preset-es2015-node6,middle,5,0.8227,0.0285,0.8019
neo-async,top,5,0.8209,0.0055,0.8201
strong-globalize,middle,5,0.8197,0.0058,0.8184
swagger-jsdoc,middle,5,0.8192,0.0315,0.8084
multicast-dns,top,5,0.8192,0.0034,0.8177
js-libp2p-crypto,middle,5,0.8182,0.0027,0.8193
lowercase-keys,top,5,0.8179,0.0037,0.8195
rollup-plugin-babel-minify,middle,5,0.8175,0.0043,0.8177
dynamo-converters,bottom,5,0.8164,0.0011,0.8156
uglifyjs-webpack-plugin,top,5,0.816,0.0132,0.8175
gulp-html-extract,middle,5,0.8155,0.0073,0.8182
babelrc-rollup,middle,5,0.8153,0.0142,0.8112
react-responsive-carousel,middle,5,0.8149,0.0049,0.8167
react-flexbox-grid,middle,5,0.8145,0.0069,0.8185
angular-chart.js,middle,5,0.8144,0.0004,0.8145
express-orm-mvc,bottom,5,0.8139,0.0089,0.8109
ember-cli-admin-languages,bottom,5,0.8138,0.004,0.8156
ice-cap,middle,5,0.8135,0.0289,0.8243
karma-jenkins-reporter,middle,5,0.813,0.0081,0.8091
gulp-mock,bottom,5,0.8118,0.0027,0.8133
express-fluent-logger,bottom,5,0.8117,0.0036,0.8106
react-component-gulp-tasks,middle,5,0.8116,0.0017,0.8109
grunt-date-suffix,bottom,5,0.8102,0.0117,0.8062
karma-tap-reporter,middle,5,0.8096,0.018,0.8061
indexeddb-mock,bottom,5,0.8092,0.0036,0.8083
react-masonry-component,middle,5,0.8089,0.0053,0.8075
verb-tag-jscomments,middle,5,0.8082,0.0103,0.8007
jasmine-jsonpath,bottom,5,0.8081,0.0128,0.8099
eslint-plugin-lodash,middle,5,0.8079,0.0069,0.8073
ansi-escapes,top,5,0.8077,0.0194,0.8202
ember-power-select,middle,5,0.8076,0.0086,0.8121
ember-cli-array-slice,bottom,5,0.8075,0.0085,0.8105
grunt-slm,bottom,5,0.8063,0.0203,0.7936
json-fling,bottom,5,0.8057,0.0027,0.8072
http-proxy-middleware,top,5,0.8048,0.0018,0.8057
angular-router-loader,middle,5,0.8046,0.0116,0.8116
alchemist-hsl,bottom,5,0.8044,0.0023,0.8059
karma-systemjs,middle,5,0.8044,0.0003,0.8041
react-highlight,middle,5,0.8042,0.001,0.8039
void-elements,top,5,0.8041,0.0062,0.8076
react-moment-proptypes,middle,5,0.8041,0.0077,0.8087
markdown-it-abbr,middle,5,0.8041,0.0104,0.8062
ember-cli-jsx,bottom,5,0.8037,0.0054,0.8076
karma-chai-js-factories,bottom,5,0.8032,0.0062,0.8018
babel-preset-power-assert,middle,5,0.8032,0.0036,0.8006
backbone-db-elasticsearch,bottom,5,0.8028,0.0061,0.8021
gulp-istanbul-enforcer,middle,5,0.8022,0.0192,0.8147
angular-sockjs,bottom,5,0.8018,0.0125,0.8037
react-toggle,middle,5,0.8015,0.0016,0.8009
goodscloud-node,bottom,5,0.8011,0.0398,0.7727
markdown-it-sup,middle,5,0.8009,0.004,0.8036
ejs,top,5,0.8,0.0026,0.798
node-benchmarks,bottom,5,0.7997,0.0043,0.8016
gulp-mustache,middle,5,0.7992,0.0367,0.8
ansi-colors,top,5,0.799,0.0081,0.7995
react-native-collapsible,middle,5,0.7987,0.0046,0.8014
html-comment-regex,top,5,0.7986,0.0006,0.7989
grunt-check-pages,middle,5,0.7986,0.0086,0.7935
coreos-cluster,bottom,5,0.7982,0.0026,0.798
arangojs-extended,bottom,5,0.798,0.0171,0.8002
spdx-license-ids,top,5,0.7979,0.0058,0.8013
hammer-draggables,bottom,5,0.7977,0.0099,0.8011
session-file-store,middle,5,0.7976,0.0074,0.8025
gulp-connect-php,middle,5,0.7967,0.0097,0.7963
google-libphonenumber,middle,5,0.7965,0.0087,0.8012
mochawesome-report-generator,middle,5,0.7965,0.0105,0.8012
ember-lodash,middle,5,0.7963,0.0181,0.7967
knex-schema-builder,bottom,5,0.7962,0.0132,0.7922
grunt-neo4j,bottom,5,0.7956,0.0022,0.7949
vector-tile-js,middle,5,0.7953,0.021,0.7839
is-stream,top,5,0.7942,0.0184,0.7885
alphanum-sort,top,5,0.7942,0.0091,0.7972
grunt-template-jasmine-dojo,bottom,5,0.7937,0.0125,0.7903
nativescript-hook,middle,5,0.7936,0.0095,0.7951
arpisea,bottom,5,0.7936,0.0235,0.7947
body-parser,top,5,0.7935,0.0333,0.8112
bili,middle,5,0.7935,0.0145,0.7941
particles.js,middle,5,0.7921,0.0016,0.791
grunt-crowdin,bottom,5,0.7914,0.0161,0.7802
generator-meshblu-connector,bottom,5,0.7904,0.0256,0.8072
lark-router,bottom,5,0.7904,0.017,0.7886
is-binary-path,top,5,0.7902,0.0031,0.7925
hexo-renderer-haml,bottom,5,0.7898,0.0102,0.7901
react-highcharts,middle,5,0.7896,0.0033,0.7914
jisonify,bottom,5,0.7892,0.003,0.7902
Leaflet.MapboxVectorTile,bottom,5,0.7884,0.0121,0.7889
rethinkdbdash,middle,5,0.7873,0.036,0.7811
markdown-it-table-of-contents,middle,5,0.7869,0.0145,0.7888
grunt-xunit,bottom,5,0.7859,0.0068,0.7863
google-maps-services-js,middle,5,0.7848,0.0022,0.7853
redux-localstorage,middle,5,0.7848,0.0047,0.7854
slice-ansi,top,5,0.7838,0.0087,0.787
electron-store,middle,5,0.7834,0.0235,0.7717
geojson-summary,bottom,5,0.7833,0.007,0.7855
eslint-config-peerigon,middle,5,0.7833,0.0087,0.7871
express-batch,bottom,5,0.7828,0.0057,0.7834
imagemin-jpeg-recompress,middle,5,0.7827,0.007,0.7822
browser-pdf-support,bottom,5,0.7822,0.0114,0.7867
element-resize-event,middle,5,0.782,0.0097,0.7766
prom-client,middle,5,0.7818,0.0052,0.781
koa-connect,middle,5,0.7811,0.01,0.7849
dependency-injection,middle,5,0.781,0.0146,0.7876
default-require-extensions,top,5,0.781,0.0131,0.7796
micromatch,top,5,0.7807,0.0118,0.7824
react-native-modalbox,middle,5,0.7796,0.0024,0.7813
hexo-renderer-jade,middle,5,0.7792,0.0103,0.7761
gulp-develop-server,middle,5,0.7784,0.0053,0.7778
eslint-plugin-react,top,5,0.7775,0.0404,0.7993
sort-keys,top,5,0.7775,0.0217,0.7656
postcss-functions,middle,5,0.7771,0.0147,0.7842
droonga-http-server,bottom,5,0.777,0.0072,0.7765
semver-diff,top,5,0.7768,0.0003,0.7767
gitbook-plugin-lexicon,bottom,5,0.7767,0.0063,0.7782
rollup-plugin-node-resolve,top,5,0.7766,0.0204,0.7728
fetch-client,middle,5,0.7764,0.0033,0.7766
babel-loader,top,5,0.7762,0.0138,0.7795
contentful-sdk-core,middle,5,0.7757,0.0045,0.7746
generator-utils,bottom,5,0.7755,0.0244,0.7876
dotpath-compile,bottom,5,0.7753,0.0112,0.7755
gulp-tape,middle,5,0.7752,0.011,0.769
hash.js,top,5,0.775,0.0067,0.7779
is-generator-fn,top,5,0.7749,0.039,0.7593
homedir-polyfill,top,5,0.7747,0.0621,0.8026
loopback-connector-kafka,bottom,5,0.7743,0.0021,0.7729
css-selector-tokenizer,top,5,0.7741,0.0058,0.7703
es6-project-starter-kit,bottom,5,0.7738,0.0119,0.7775
css-url-versioner,bottom,5,0.7732,0.0,0.7732
node-directory-tree,middle,5,0.7731,0.0117,0.7718
is-absolute-url,top,5,0.7729,0.0292,0.7775
gulp-dotjs-packer,bottom,5,0.7725,0.003,0.7712
react-notification-system,middle,5,0.7721,0.0028,0.7716
stream-http,top,5,0.7707,0.0411,0.7703
loopback-swagger,middle,5,0.7706,0.0,0.7706
mocha-eslint,middle,5,0.7706,0.0349,0.7574
js-peer-id,middle,5,0.7703,0.0088,0.7647
node-homedir,middle,5,0.77,0.008,0.7686
google-maps-react,middle,5,0.7691,0.0045,0.7696
spdx-license-list,middle,5,0.7689,0.0205,0.779
ember-dropkick,bottom,5,0.768,0.0432,0.7843
extract-text-webpack-plugin,top,5,0.7676,0.0096,0.7643
buffer-xor,top,5,0.7671,0.028,0.7661
webpack-cleanup-plugin,middle,5,0.7662,0.0339,0.7583
grunt-stylus-base-files,bottom,5,0.7651,0.0275,0.7851
pkg-dir,top,5,0.765,0.0519,0.7464
gulp-coverage,bottom,5,0.7646,0.006,0.7671
i18next-sprintf-postProcessor,middle,5,0.7641,0.0072,0.7666
url-parse,top,5,0.7632,0.0166,0.7628
npm-installer,middle,5,0.763,0.0062,0.7662
react-share,middle,5,0.7626,0.0,0.7626
to-fast-properties,top,5,0.7625,0.0069,0.7622
msgpack-lite,middle,5,0.762,0.0227,0.7621
color-support,top,5,0.7617,0.0199,0.7525
is-fullwidth-code-point,top,5,0.7616,0.0197,0.7705
rework-plugin-function,middle,5,0.7614,0.0137,0.7648
copy-webpack-plugin,top,5,0.7605,0.0128,0.7595
react-redux,top,5,0.7599,0.0069,0.7624
webpack-sources,top,5,0.7597,0.0313,0.7586
loglog-server-mongodb,bottom,5,0.7596,0.0032,0.758
node-ansi,bottom,5,0.7591,0.008,0.7576
int64-buffer,middle,5,0.7588,0.018,0.7498
html-webpack-harddisk-plugin,middle,5,0.7584,0.0239,0.7599
elliptic,top,5,0.7579,0.0315,0.7634
eslint-plugin-import,top,5,0.7577,0.0037,0.7571
gulp-espower,middle,5,0.7569,0.0232,0.7691
eslint-config-react,middle,5,0.7567,0.0006,0.7569
postcss-selector-matches,top,5,0.7565,0.0119,0.7508
global-prefix,top,5,0.7559,0.06,0.7221
react-svg-loader,middle,5,0.7558,0.0076,0.7557
unit.js,middle,5,0.7555,0.0066,0.757
delighted-node,bottom,5,0.7555,0.0174,0.7514
generator-videojs-plugin,bottom,5,0.7553,0.0104,0.7517
generator-appsngen-web-widget,bottom,5,0.7552,0.0038,0.7554
hapi-jwt,bottom,5,0.755,0.0097,0.7525
vue-component-compiler,middle,5,0.755,0.0173,0.7566
latest-version,top,5,0.7546,0.0023,0.7536
rollup-plugin-multi-entry,middle,5,0.754,0.0277,0.74
eslint-config-node-style-guide,middle,5,0.7539,0.0027,0.7529
has-key-deep,bottom,5,0.7539,0.0042,0.7543
angular-ziptastic,bottom,5,0.7539,0.0174,0.7611
fs-write-stream-atomic,top,5,0.7537,0.0022,0.7525
redux-thunk,top,5,0.7533,0.0096,0.7546
browserify-des,top,5,0.7531,0.0228,0.7429
registry-url,top,5,0.7531,0.0598,0.7711
fetch-ponyfill,middle,5,0.753,0.0033,0.7533
gitbook,middle,5,0.753,0.0094,0.7542
buffer-indexof-polyfill,middle,5,0.7529,0.002,0.7538
karma-jasmine-jquery,middle,5,0.7527,0.0167,0.7427
karma-bamboo-reporter,bottom,5,0.7526,0.0368,0.7603
ember-browserify,middle,5,0.7519,0.0139,0.7432
builtin-status-codes,top,5,0.7515,0.0129,0.7552
node-json-rest-client,bottom,5,0.7514,0.0038,0.7511
catbox-s3,bottom,5,0.7514,0.0322,0.7678
eslint-plugin-github,middle,5,0.7514,0.014,0.7493
node-local-config,bottom,5,0.7508,0.0028,0.7522
node-artstack,bottom,5,0.7507,0.0156,0.7513
react-resizable,middle,5,0.7506,0.0062,0.7536
utfstring,middle,5,0.7503,0.0013,0.7498
git-latest-semver-tag,middle,5,0.7502,0.0099,0.7482
superagent-promise,middle,5,0.7499,0.0065,0.7483
postcss-calc,top,5,0.7494,0.0069,0.7501
heroku-proxy,bottom,5,0.749,0.0071,0.7503
load-grunt-configs,middle,5,0.7486,0.0117,0.7473
postcss-selector-not,top,5,0.7483,0.0201,0.7505
shallow-clone,top,5,0.7483,0.044,0.7443
util-deprecate,top,5,0.7482,0.0057,0.7486
gulp-atom-electron,middle,5,0.7474,0.0198,0.7466
gulp-changed-in-place,middle,5,0.7474,0.0104,0.7422
grunt-caveman,bottom,5,0.7469,0.0192,0.7511
scss-tokenizer,top,5,0.7468,0.0159,0.7396
binary-extensions,top,5,0.7467,0.0032,0.7443
internal-ip,top,5,0.7465,0.0231,0.7633
escape-string-regexp,top,5,0.7464,0.032,0.7263
ampersand-radio-view,bottom,5,0.7462,0.0031,0.7459
clone-deep,top,5,0.7449,0.0061,0.7476
becklyn-gulp,bottom,5,0.7449,0.0045,0.7471
is-svg,top,5,0.7447,0.0173,0.7492
npm-name,middle,5,0.7447,0.0186,0.7377
detect-port,top,5,0.7447,0.0019,0.7444
rework-plugin-url,middle,5,0.7442,0.0042,0.7451
carcass-program,bottom,5,0.7436,0.0108,0.7476
karma-chai-factories,bottom,5,0.7432,0.0011,0.7436
bin-pack,middle,5,0.743,0.0182,0.7331
electron-squirrel-startup,middle,5,0.7428,0.0089,0.7422
caller-callsite,top,5,0.7428,0.0154,0.7397
fast-json-stringify,middle,5,0.7426,0.0114,0.7442
leven,top,5,0.7426,0.0189,0.7326
vux-loader,middle,5,0.7425,0.002,0.7416
dom-replace-html-stream,bottom,5,0.7424,0.007,0.7425
is-dotfile,top,5,0.7424,0.0031,0.744
ampersand-sync-localforage,bottom,5,0.7423,0.023,0.7383
joi-assert,middle,5,0.7423,0.0242,0.7512
querystringify,top,5,0.7412,0.0041,0.7394
animator-css,middle,5,0.7411,0.0076,0.7441
confy-node,bottom,5,0.7408,0.0194,0.7435
ember-cli-typescript,middle,5,0.7407,0.0112,0.7366
base64-img,middle,5,0.7406,0.0108,0.7357
normalize-url,top,5,0.7403,0.0142,0.7472
Fritbot,bottom,5,0.74,0.0028,0.7406
fredApi,bottom,5,0.7397,0.0025,0.7407
lark-views,bottom,5,0.7395,0.0046,0.7394
node-app-root-dir,middle,5,0.7393,0.0112,0.7386
got,top,5,0.7388,0.0064,0.7393
esformatter-quotes,middle,5,0.7388,0.0119,0.7401
electron-window-state,middle,5,0.7387,0.0095,0.7388
babelify,top,5,0.7381,0.0122,0.7429
modify-babel-preset,middle,5,0.7376,0.0071,0.7397
vary,top,5,0.7374,0.0327,0.7451
innkeeper-storememory,bottom,5,0.7373,0.0046,0.7381
loopback-component-passport,middle,5,0.7365,0.0086,0.7369
hapi-boom-jsend,bottom,5,0.736,0.0057,0.7381
gulp-wrapper,middle,5,0.7352,0.029,0.7451
jxt-atom,bottom,5,0.7351,0.0181,0.7398
longest,top,5,0.7349,0.0057,0.7323
react-beautiful-dnd,middle,5,0.7347,0.0119,0.7375
grunt-serve,middle,5,0.7341,0.0294,0.7267
cordova-lib,middle,5,0.7339,0.0043,0.7321
giphy-api,middle,5,0.7337,0.0008,0.7342
bonjour,top,5,0.7336,0.1021,0.6795
strip-bom,top,5,0.7335,0.0242,0.7446
friendly-errors-webpack-plugin,top,5,0.733,0.0024,0.7325
broccoli-ng-templatecache,bottom,5,0.7329,0.0032,0.7334
is-absolute,top,5,0.7328,0.0133,0.7387
gitbook-plugin-comments,bottom,5,0.732,0.0016,0.7329
webpack-middleware,middle,5,0.7318,0.0233,0.7368
broccoli-csssplit,bottom,5,0.731,0.0046,0.7316
deferred-interval,bottom,5,0.7307,0.0093,0.7265
2048term,bottom,5,0.7305,0.0116,0.7279
react-mounter,middle,5,0.7301,0.0312,0.7418
edp-bcs,bottom,5,0.7293,0.0149,0.7373
mocha-text-cov,middle,5,0.7285,0.0018,0.7293
pug-cli,middle,5,0.7283,0.0435,0.7565
ansi-regex,top,5,0.7283,0.0098,0.7298
git-clone,middle,5,0.7281,0.0159,0.7261
react-dropdown,middle,5,0.7275,0.0181,0.7206
gulp-es6-module-jstransform,bottom,5,0.7273,0.0109,0.7282
gulp-subtree,middle,5,0.7271,0.0201,0.7352
fluxxor-autobind,bottom,5,0.727,0.0125,0.718
electron-reload,middle,5,0.7263,0.0706,0.677
node-jwks-rsa,middle,5,0.7257,0.0207,0.7258
download-email-attachments,bottom,5,0.7256,0.0103,0.7231
fs-temp,middle,5,0.7252,0.0152,0.7272
is-typedarray,top,5,0.7251,0.0055,0.7264
email-obfuscator,bottom,5,0.7242,0.004,0.726
closest,middle,5,0.7239,0.019,0.7271
karma-webpack,top,5,0.7235,0.0122,0.7231
postcss-modules-local-by-default,top,5,0.7234,0.0182,0.7184
postcss-inline-svg,middle,5,0.7231,0.0031,0.723
random-item,middle,5,0.7222,0.0151,0.7324
vuex-i18n,middle,5,0.7222,0.0299,0.7309
fastft-api-client,bottom,5,0.7217,0.0055,0.7229
es-abstract,top,5,0.7208,0.0141,0.7223
grunt-blogbuilder,bottom,5,0.7205,0.0161,0.7169
ass-to-vtt,bottom,5,0.7205,0.0067,0.7227
browserify-dev-bundler,bottom,5,0.7204,0.0068,0.7182
karma-electron,middle,5,0.7203,0.006,0.7225
ember-sinon,middle,5,0.7202,0.0049,0.7227
hexo-cli,middle,5,0.7202,0.0121,0.7169
builtin-modules,top,5,0.7199,0.0118,0.7191
ioBroker.js-controller,bottom,5,0.7195,0.0074,0.717
grunt-npm-helper,bottom,5,0.7189,0.0059,0.7191
in-publish,top,5,0.7183,0.0422,0.7287
css-declaration-sorter,top,5,0.7183,0.005,0.7185
grunt-gulp,middle,5,0.7178,0.0077,0.714
koa-barista,bottom,5,0.7177,0.0268,0.7213
daily-comic.js,bottom,5,0.7174,0.0008,0.7169
is-accessor-descriptor,top,5,0.7174,0.0076,0.7164
cli-cursor,top,5,0.7172,0.0145,0.7244
unescape-js,middle,5,0.717,0.0196,0.7289
gulp-strip-css-comments,middle,5,0.7165,0.0069,0.7203
camelcase-keys,top,5,0.7164,0.0103,0.7151
beercalc_js,bottom,5,0.7164,0.0012,0.7168
react-collapse,middle,5,0.7162,0.0045,0.7186
cross-env,top,5,0.7162,0.0132,0.7146
hapi-cors-headers,middle,5,0.7154,0.004,0.7165
parse-mongo-url,middle,5,0.7154,0.0106,0.7189
gzip-size,top,5,0.7153,0.0161,0.7242
is-descriptor,top,5,0.7153,0.0215,0.7216
node-MarkerWithLabel,middle,5,0.7149,0.006,0.7121
react-sticky,middle,5,0.7148,0.007,0.7152
standard-format,middle,5,0.7144,0.0207,0.7198
postcss-parser-tests,middle,5,0.7142,0.035,0.6888
serve-favicon,top,5,0.7141,0.0188,0.7189
spdy-transport,top,5,0.7141,0.0408,0.7385
map-visit,top,5,0.7138,0.007,0.7112
node-comment-json,middle,5,0.7126,0.0028,0.7116
lintspaces-cli,middle,5,0.7126,0.0087,0.7175
grunt-api-meta,bottom,5,0.7122,0.0087,0.7137
sort-by,middle,5,0.7121,0.0041,0.7132
object-hash,top,5,0.712,0.0217,0.7278
import-lazy,top,5,0.7114,0.0134,0.7121
bip32-wallet,bottom,5,0.7114,0.0083,0.7127
babel-plugin-dynamic-import-node,top,5,0.7101,0.0006,0.7099
denodeify,top,5,0.71,0.0111,0.7129
split-string,top,5,0.7099,0.0088,0.7122
node-logify,bottom,5,0.7091,0.0212,0.7166
is-number,top,5,0.7087,0.0054,0.7085
backbone.declarative.views,bottom,5,0.7085,0.0042,0.7084
MetaScript,middle,5,0.7074,0.0291,0.6995
vue-moment,middle,5,0.7074,0.0019,0.7069
angular-integer,bottom,5,0.7072,0.0293,0.7164
ember-assign-polyfill,middle,5,0.7071,0.0095,0.7016
bloggy-marked-toc,bottom,5,0.7067,0.0287,0.7182
stream-to-promise,middle,5,0.7063,0.0078,0.7008
node-constant-contact,bottom,5,0.7062,0.0245,0.7053
github-todos,bottom,5,0.706,0.0091,0.7101
statuses,top,5,0.7059,0.0433,0.7278
console.table,middle,5,0.7054,0.0052,0.7057
multireducer,middle,5,0.7054,0.0108,0.7095
os-locale,top,5,0.7053,0.0392,0.6772
breeze.js.bower,bottom,5,0.7052,0.0076,0.7053
decompress-response,top,5,0.7051,0.008,0.7016
angular-nl2br,bottom,5,0.7049,0.0228,0.6953
parse-torrent,middle,5,0.7046,0.0326,0.7268
dom-serialize,top,5,0.7036,0.0103,0.6964
fuzzy-search,middle,5,0.703,0.0075,0.6992
hapi-auth-jwt2,middle,5,0.7029,0.0073,0.7037
caller-path,top,5,0.7027,0.0502,0.7106
concat-image,bottom,5,0.7023,0.0032,0.7022
markdown-it-mark,middle,5,0.702,0.0218,0.7121
http-errors,top,5,0.7016,0.0168,0.6957
is-travis,middle,5,0.701,0.0084,0.7068
node-cross-spawn,top,5,0.7007,0.0044,0.7008
postcss-font-variant,top,5,0.6996,0.0101,0.7045
react-with-styles,middle,5,0.6989,0.0137,0.7006
strict-uri-encode,top,5,0.6989,0.0219,0.6895
npmi,middle,5,0.6987,0.0429,0.6782
gulp-cdn-ref,bottom,5,0.6982,0.0232,0.7078
grunt-metascript,bottom,5,0.6982,0.0208,0.7086
md5.js,top,5,0.6981,0.0124,0.7036
gulp-imacss,bottom,5,0.6974,0.0321,0.6876
express-react-views,middle,5,0.697,0.0082,0.6932
algoliasearch-helper-js,middle,5,0.697,0.0123,0.6992
unc-path-regex,top,5,0.6969,0.0365,0.6806
html-pipe,bottom,5,0.6969,0.0219,0.6879
flush-write-stream,top,5,0.6965,0.0101,0.6949
loopback-phase,middle,5,0.6962,0.0045,0.6968
RegExp.prototype.flags,top,5,0.6957,0.0193,0.6899
simctl,middle,5,0.6957,0.0063,0.6987
class-utils,top,5,0.6948,0.0503,0.7246
loader-runner,top,5,0.6947,0.0422,0.6737
blum,bottom,5,0.6946,0.0494,0.717
knockout-else,bottom,5,0.6944,0.0107,0.6961
hapi-monit,bottom,5,0.6941,0.0164,0.6967
map-cache,top,5,0.6941,0.0135,0.6973
node-language-exec,bottom,5,0.694,0.0044,0.6918
jekyll-meta-from-markdown,bottom,5,0.6926,0.0041,0.6944
webidl-conversions,top,5,0.6926,0.0047,0.6905
eslint-plugin,middle,5,0.6925,0.0076,0.6911
nanomatch,top,5,0.6921,0.0111,0.6973
socket.io-adapter,top,5,0.6916,0.0147,0.6924
mongoose-deep-populate,middle,5,0.6915,0.0123,0.6891
apimock-middleware,bottom,5,0.6914,0.0109,0.6928
validate-npm-package-license.js,top,5,0.6911,0.0047,0.6945
object.pick,top,5,0.691,0.0133,0.6833
randomatic,top,5,0.6909,0.0267,0.6743
ga-localstorage,bottom,5,0.6905,0.0021,0.6898
redux-devtools-themes,middle,5,0.6905,0.006,0.69
stackframe,top,5,0.6902,0.0316,0.7046
postcss-css-variables,middle,5,0.6899,0.0041,0.692
serve-static,top,5,0.6896,0.0154,0.6793
underscore-template-loader,middle,5,0.6896,0.0083,0.6861
node-language-spawn,bottom,5,0.6892,0.011,0.6951
cors,middle,5,0.6889,0.0071,0.6917
bootstrap-sass-loader,middle,5,0.6888,0.0103,0.6916
trim-newlines,top,5,0.6885,0.0166,0.7006
latex-watcher,bottom,5,0.6883,0.0144,0.6879
telegraf,middle,5,0.688,0.0077,0.6845
morgan,top,5,0.6878,0.0171,0.6775
generator-react-gulp-browserify,bottom,5,0.6876,0.0075,0.6884
filetobase64,bottom,5,0.6874,0.0,0.6874
file-type,top,5,0.6869,0.0077,0.6863
js-m4,bottom,5,0.6866,0.0316,0.6726
react-static-container,middle,5,0.6858,0.0064,0.6843
format-url,bottom,5,0.6856,0.0041,0.6862
unit-coverage,middle,5,0.6849,0.0296,0.7037
react-dock,middle,5,0.6847,0.0089,0.6839
browser-process-hrtime,top,5,0.684,0.0221,0.6738
is-equal-shallow,top,5,0.6839,0.0251,0.6677
googlefonts,bottom,5,0.6838,0.0104,0.6807
simple-sha1,middle,5,0.6826,0.0108,0.6857
clusterjs,bottom,5,0.6822,0.0062,0.6795
stream-assert,middle,5,0.6819,0.0134,0.6909
mocha.parallel,middle,5,0.6818,0.0011,0.6816
geohash-poly,bottom,5,0.6811,0.0055,0.6794
find-cache-dir,top,5,0.681,0.0211,0.6793
is-primitive,top,5,0.681,0.0221,0.672
apostrophe-facebook,bottom,5,0.681,0.0112,0.686
isomorphic-form-data,middle,5,0.6806,0.0036,0.678
chemical-symbols,bottom,5,0.6804,0.0143,0.6896
is-localhost,bottom,5,0.6804,0.0095,0.6797
normalize-newline,middle,5,0.6802,0.017,0.6835
is-data-descriptor,top,5,0.6794,0.0073,0.6746
snapdragon-util,top,5,0.6791,0.0037,0.6814
uniqid,top,5,0.6791,0.012,0.6854
gulp-jsdoc,middle,5,0.679,0.0086,0.6775
etag,top,5,0.6788,0.0414,0.6955
is-async-supported,middle,5,0.6787,0.0115,0.6788
tslint-ionic-rules,middle,5,0.6783,0.0037,0.6779
path-exists,top,5,0.6782,0.0147,0.6863
define-properties,top,5,0.6771,0.0032,0.6775
builder-coffee,bottom,5,0.6771,0.0245,0.6838
gulp-base64,middle,5,0.677,0.0121,0.6722
parse-filepath,top,5,0.676,0.0021,0.676
connect-weinre-injector,bottom,5,0.676,0.0229,0.6904
edx-modulestore-node,bottom,5,0.6749,0.0214,0.6832
lazy-cache,top,5,0.6749,0.0133,0.6829
dialog,bottom,5,0.6746,0.0091,0.6709
node-url,top,5,0.6745,0.0143,0.6712
eslint-config-kentcdodds,middle,5,0.6742,0.0022,0.6753
hexo-generator-json-content,middle,5,0.6738,0.0109,0.6755
koa-helmet,middle,5,0.6728,0.0,0.6728
bloggy,bottom,5,0.6728,0.0076,0.6731
beautify-lint,middle,5,0.6725,0.0027,0.6706
finalhandler,top,5,0.6716,0.0188,0.6706
gzip-size-cli,middle,5,0.6716,0.0284,0.6759
extend-shallow,top,5,0.6713,0.0209,0.6623
markdown-it-deflist,middle,5,0.6713,0.0235,0.6567
hexo-migrator-joomla,bottom,5,0.6712,0.0069,0.6706
markdown-extensions,middle,5,0.6708,0.0301,0.6788
nth-check,top,5,0.6703,0.0216,0.6696
babel-plugin-webpack-alias,middle,5,0.6702,0.0109,0.6719
meanio,middle,5,0.6697,0.0123,0.6669
array-fill,bottom,5,0.6692,0.015,0.6776
istanbul-instrumenter-loader,top,5,0.6684,0.0079,0.663
snapdragon,top,5,0.6683,0.0068,0.6655
rollup-plugin-istanbul,middle,5,0.6682,0.0041,0.6689
eslint-plugin-standard,top,5,0.6679,0.0406,0.6881
jshint-reporter-bamboo,bottom,5,0.6675,0.0137,0.6721
is-path-inside,top,5,0.6675,0.0021,0.6684
gulp-standard,middle,5,0.6673,0.0533,0.6318
browserify-hmr,middle,5,0.6671,0.0045,0.6692
replace-ext,top,5,0.6671,0.0008,0.6677
is-builtin-module,top,5,0.667,0.0033,0.6685
regjsgen,top,5,0.6667,0.01,0.6645
filename-regex,top,5,0.6663,0.0,0.6663
eris,middle,5,0.6658,0.0028,0.6671
leo-platform-arduino,bottom,5,0.6654,0.005,0.6633
top-gh-contribs,middle,5,0.6653,0.0384,0.6767
spdx-expression-parse.js,top,5,0.6651,0.011,0.6667
v8flags,top,5,0.6649,0.0461,0.6495
excuses,bottom,5,0.6648,0.037,0.6708
ends-with,middle,5,0.6635,0.0081,0.6652
webpack-hot-middleware,top,5,0.6633,0.0199,0.6543
esbeautifier,middle,5,0.6631,0.0124,0.659
detect-newline,top,5,0.6626,0.0171,0.6584
has-ansi,top,5,0.6623,0.0001,0.6622
unassertify,middle,5,0.6622,0.0192,0.6722
cyclon.p2p-rtc-client,bottom,5,0.6622,0.0028,0.6639
exec-sh,top,5,0.6622,0.0006,0.6623
node-gcm-cli,bottom,5,0.6621,0.0363,0.6472
postcss-custom-media,top,5,0.662,0.0004,0.6617
m3u8downloader,bottom,5,0.6617,0.007,0.6598
global-modules,top,5,0.6616,0.0369,0.6432
json-stringify-pretty-compact,middle,5,0.6612,0.0125,0.6577
date-math,middle,5,0.6611,0.0056,0.6608
callsites,top,5,0.6611,0.0195,0.6658
node-multispinner,middle,5,0.661,0.0114,0.6662
diffie-hellman,top,5,0.6607,0.0108,0.6558
callback-wrapper,bottom,5,0.6602,0.0156,0.6575
node-language-detect-spawn,bottom,5,0.6602,0.0089,0.6568
is-buffer,top,5,0.6601,0.0214,0.6706
parse-gitignore,middle,5,0.6599,0.013,0.663
universal-router,middle,5,0.6597,0.0155,0.6613
source-map-resolve,top,5,0.6596,0.0204,0.6487
set-value,top,5,0.6593,0.0149,0.6663
karma-lodash-template-preprocessor,bottom,5,0.6582,0.0029,0.6568
hershey,bottom,5,0.658,0.0221,0.6615
npm-utils,middle,5,0.6577,0.003,0.657
safe-buffer,top,5,0.6576,0.0081,0.6543
grunt-protractor-coverage,middle,5,0.6576,0.0103,0.653
directory-path,bottom,5,0.6575,0.0117,0.6523
resolve-from,top,5,0.657,0.029,0.652
karma-nunjucks,bottom,5,0.6565,0.0196,0.6529
postcss-opacity,middle,5,0.6563,0.0102,0.6544
frozen-express,bottom,5,0.6558,0.0004,0.6557
cookie-parser,top,5,0.655,0.0092,0.6494
gl-mat4,middle,5,0.6549,0.0073,0.652
content-disposition,top,5,0.6549,0.0186,0.6677
custom-event,top,5,0.6549,0.0143,0.6643
indent-string,top,5,0.6547,0.0297,0.6764
express-request-proxy,middle,5,0.6546,0.0064,0.6546
ember-cli-github-pages,middle,5,0.6545,0.0081,0.658
mocha-clean,middle,5,0.6545,0.0151,0.6615
isstream,top,5,0.6541,0.0197,0.6418
backbone-computed-properties,bottom,5,0.6541,0.0055,0.6502
liquid-fire,middle,5,0.654,0.0172,0.6479
itbit,bottom,5,0.6534,0.0034,0.6519
is-ci,top,5,0.6533,0.0479,0.6715
path-loader,middle,5,0.6531,0.04,0.6303
busylight,bottom,5,0.6527,0.0042,0.6542
check-pages,middle,5,0.6519,0.0094,0.6539
is-obj,top,5,0.6518,0.0005,0.6516
prop-types,top,5,0.651,0.0147,0.654
react-inline-css,middle,5,0.6509,0.0039,0.6527
gocd-api,bottom,5,0.6507,0.0215,0.6365
lego-client,bottom,5,0.6503,0.002,0.6495
rollup-plugin-bundle-size,middle,5,0.6501,0.032,0.6506
node-argx,middle,5,0.6501,0.0143,0.6478
code-snippets,bottom,5,0.6489,0.0,0.6489
rss,bottom,5,0.6485,0.0072,0.6468
json-readdir-stream,bottom,5,0.6485,0.0096,0.6552
gardr-plugin-ext-burt,bottom,5,0.6484,0.0136,0.6529
is-plain-obj,top,5,0.648,0.0335,0.6332
array-unique,top,5,0.6468,0.0251,0.6581
gaffa-frame,bottom,5,0.6468,0.0104,0.6454
node-assetmanager,middle,5,0.6465,0.0076,0.6518
validate-npm-package-name,top,5,0.646,0.0141,0.6464
broccoli-splitter,bottom,5,0.6457,0.0159,0.6449
geojson-vt,middle,5,0.6456,0.0224,0.6447
normalize-path,top,5,0.6456,0.0276,0.6557
is-regexp,top,5,0.6454,0.0257,0.6275
xdg-basedir,top,5,0.6444,0.0055,0.641
detect-rename,bottom,5,0.6444,0.0123,0.6428
gulp-hub,middle,5,0.6443,0.0206,0.6396
ngtemplate-loader,middle,5,0.6441,0.0553,0.662
grunt-htmllint-http,bottom,5,0.6441,0.0313,0.6596
package-json-versionify,middle,5,0.644,0.0116,0.6373
date-fns,top,5,0.6438,0.0174,0.6515
OwlCarousel2,middle,5,0.6432,0.0146,0.6428
assign-symbols,top,5,0.6432,0.0322,0.6361
postcss-message-helpers,top,5,0.6431,0.0079,0.6468
afinn-96,bottom,5,0.6426,0.0094,0.6437
flagged-respawn,top,5,0.6425,0.052,0.6249
memory-fs,top,5,0.6424,0.0266,0.6503
array-uniq,top,5,0.6424,0.0,0.6424
github-jobs,bottom,5,0.6424,0.0057,0.6447
binding,middle,5,0.6423,0.0538,0.6124
autod-egg,middle,5,0.6421,0.0263,0.6347
is-relative,top,5,0.642,0.0127,0.6328
generator-npm-module,bottom,5,0.642,0.0115,0.6382
clui,middle,5,0.6417,0.0054,0.6409
flickity,middle,5,0.6417,0.0174,0.6472
karma-jasmine-cucumber,bottom,5,0.6416,0.0148,0.636
slack-bot-api,middle,5,0.6409,0.0012,0.64
redux-undo,middle,5,0.6408,0.0106,0.641
trash-cli,middle,5,0.6407,0.041,0.6327
js-sha256,middle,5,0.64,0.0106,0.6442
bitbucket-ips,bottom,5,0.6389,0.0062,0.6356
displayer-api-client,bottom,5,0.6387,0.0036,0.637
jsos-util,bottom,5,0.638,0.0091,0.6359
generate-function,top,5,0.6379,0.0048,0.6396
angular-directive-boilerplate,bottom,5,0.6374,0.0028,0.6371
node-sshpk,top,5,0.6373,0.018,0.6337
cache-wrapper,bottom,5,0.637,0.0048,0.6396
cantina-app-users,bottom,5,0.6366,0.0126,0.6373
amqp.channel,bottom,5,0.6362,0.0144,0.6262
prepend-http,top,5,0.6359,0.0044,0.6376
node-http-verror,bottom,5,0.6356,0.0123,0.6323
csv-join,bottom,5,0.6337,0.0057,0.6349
lcid,top,5,0.6335,0.0182,0.6332
postcss-custom-properties,top,5,0.6334,0.0143,0.6337
gitbook-grvis,bottom,5,0.6332,0.0128,0.6408
template-html-loader,middle,5,0.6332,0.0073,0.6315
reduce-css-calc,top,5,0.6327,0.0095,0.6279
is-directory,top,5,0.6324,0.0065,0.6321
repeat-string,top,5,0.632,0.0024,0.6331
contains-path,top,5,0.6316,0.0215,0.6391
react-hot-loader,top,5,0.6316,0.0255,0.6441
color-name,top,5,0.6312,0.005,0.6284
postcss-easings,middle,5,0.6312,0.0142,0.625
pkg-up,top,5,0.6311,0.0727,0.6114
gulp-pleeease,middle,5,0.6307,0.0246,0.6298
on-headers,top,5,0.6301,0.0247,0.6254
rc-config-loader,middle,5,0.6295,0.0103,0.6262
async-each-series,top,5,0.6295,0.0052,0.6317
react-flip-move,middle,5,0.6291,0.0068,0.6259
websocket-extensions-node,top,5,0.629,0.0154,0.6261
i18next-xhr-backend,middle,5,0.629,0.0095,0.6302
bmfont2json,bottom,5,0.6288,0.0113,0.6205
encodeurl,top,5,0.6287,0.0198,0.6419
watchpack,top,5,0.6287,0.046,0.649
babel-plugin-transform-react-remove-prop-types,top,5,0.6284,0.012,0.6308
react-click-outside,middle,5,0.6283,0.0111,0.631
to-ico,middle,5,0.6265,0.0042,0.6287
aws-instances,bottom,5,0.6261,0.0079,0.6236
createECDH,top,5,0.6259,0.0126,0.6255
yauzl,top,5,0.6259,0.0,0.6259
define-exceptions,bottom,5,0.6253,0.0081,0.627
exp-asynccache,bottom,5,0.6252,0.0122,0.6282
stream-each,top,5,0.6252,0.019,0.6278
require-in-the-middle,middle,5,0.6251,0.0528,0.6618
regex-cache,top,5,0.6245,0.0,0.6245
thorJS-builder,bottom,5,0.6242,0.0207,0.6323
load-json-file,top,5,0.6239,0.0192,0.6128
avprober,bottom,5,0.6236,0.0135,0.628
throng,middle,5,0.6226,0.0506,0.6078
hogan-brisket,bottom,5,0.6224,0.0144,0.6119
parse-json,top,5,0.6222,0.0006,0.6221
colorzy,bottom,5,0.6217,0.0131,0.6231
karma-ng-server-side-template2js-preprocessor,bottom,5,0.6213,0.0133,0.6143
path-parse,top,5,0.6192,0.0293,0.6361
remote-form,bottom,5,0.6187,0.0023,0.6176
crop-rotate-and-sample-in-browser,bottom,5,0.6184,0.0148,0.6161
ImageServer,bottom,5,0.6179,0.0064,0.6155
compose-function,middle,5,0.6175,0.007,0.6183
google-cloud-storage,bottom,5,0.6172,0.0085,0.6208
postcss-import,top,5,0.6172,0.0037,0.6175
serialize-javascript,top,5,0.6159,0.0126,0.6106
fontpath,bottom,5,0.6157,0.0084,0.6147
postcss-custom-selectors,top,5,0.6148,0.0139,0.6082
string-width,top,5,0.6143,0.0131,0.6202
glob-parent,top,5,0.6135,0.0184,0.602
grunt-potomo,middle,5,0.6133,0.0851,0.6675
map-props,middle,5,0.6132,0.0033,0.614
docker-pull,bottom,5,0.6129,0.0246,0.6051
cluster-role,bottom,5,0.6125,0.0198,0.6033
num2fraction,top,5,0.6124,0.0394,0.6215
arraybuffer.slice,top,5,0.6123,0.0246,0.6043
hugo-bin,middle,5,0.612,0.0068,0.615
globby,top,5,0.6119,0.0271,0.6192
electron-json-storage,middle,5,0.6117,0.0079,0.613
shebang-regex,top,5,0.6116,0.0114,0.6066
freeloader-stream,bottom,5,0.6112,0.0114,0.6158
import-glob-loader,middle,5,0.6109,0.0649,0.6536
circular-dependency-plugin,top,5,0.6101,0.0064,0.6117
jsonist,middle,5,0.6098,0.0075,0.611
Imager.jsx,bottom,5,0.6098,0.0438,0.6268
find-process,middle,5,0.6094,0.0328,0.614
node-language-detect-exec,bottom,5,0.6092,0.0082,0.6061
grunt-nexe,bottom,5,0.6092,0.0288,0.6266
align-text,top,5,0.6091,0.0003,0.609
is-class,middle,5,0.609,0.01,0.6142
gulp-inline-css,middle,5,0.6087,0.0081,0.6114
classlist-polyfill,middle,5,0.6086,0.0091,0.6138
shady-css-parser,middle,5,0.6084,0.0258,0.5934
nodejs-is-writable-stream,bottom,5,0.6079,0.026,0.6183
parseurl,top,5,0.6078,0.0098,0.6023
joi-machine,bottom,5,0.6076,0.0112,0.6008
level-random,bottom,5,0.6075,0.0076,0.6077
lark-bootstrap,bottom,5,0.607,0.0034,0.6079
url-parse-lax,top,5,0.6066,0.0115,0.6115
compare-versions,top,5,0.6063,0.012,0.6103
fxos-simulators,bottom,5,0.6058,0.0103,0.6108
dropbox-auth-cli,bottom,5,0.6055,0.0,0.6055
shebang-command,top,5,0.6053,0.0212,0.5962
asset-inliner,bottom,5,0.6041,0.0017,0.6034
F.js,bottom,5,0.6034,0.0142,0.5994
iso-http,bottom,5,0.6027,0.0191,0.5957
xml-name-validator,top,5,0.6025,0.0,0.6025
appcache-webpack-plugin,middle,5,0.6024,0.0067,0.6007
redux-auth-wrapper,middle,5,0.6021,0.0096,0.6055
koa-nunjucks,bottom,5,0.6017,0.0,0.6017
postcss-prefix-selector,middle,5,0.6011,0.0065,0.6019
get-stdin,top,5,0.601,0.0075,0.5966
dbcsv,bottom,5,0.601,0.0299,0.5794
chai-shallow-deep-equal,middle,5,0.6009,0.0123,0.6033
comparative-selection,bottom,5,0.6009,0.0152,0.5971
mem,top,5,0.6004,0.0254,0.601
espree,top,5,0.599,0.0162,0.5997
arr-flatten,top,5,0.5987,0.0097,0.6008
imapseagull,bottom,5,0.5986,0.008,0.5962
first-chunk-stream,top,5,0.5984,0.0319,0.5753
map-obj,top,5,0.5984,0.0113,0.5953
node-ifconfig-parser,bottom,5,0.5984,0.0153,0.5942
react-a11y,middle,5,0.5974,0.0007,0.5977
dropbox-mock.js,bottom,5,0.597,0.0019,0.5975
proxy-addr,top,5,0.5969,0.0071,0.5976
ghost-export,bottom,5,0.5969,0.0221,0.5933
ify,bottom,5,0.5957,0.0125,0.5955
generator-bangular,bottom,5,0.5957,0.0142,0.5897
express-qrcode,bottom,5,0.5956,0.02,0.5903
gulp-strip-comments,middle,5,0.5955,0.0251,0.6034
repeat-element,top,5,0.5953,0.0221,0.581
glogg,top,5,0.5952,0.0073,0.598
node-ddate,bottom,5,0.5949,0.0199,0.5857
method-override,top,5,0.5944,0.042,0.5898
require-from-string,top,5,0.5931,0.0303,0.5897
from2-string,middle,5,0.5928,0.0344,0.6078
any-promise,top,5,0.5922,0.0064,0.5894
center-align,top,5,0.592,0.0071,0.5915
ketch,bottom,5,0.5918,0.0356,0.5828
classnames,top,5,0.5915,0.0959,0.5552
express-wrangler,bottom,5,0.5909,0.0018,0.5901
less-stream,bottom,5,0.5909,0.0247,0.592
gulp-jsonminify,middle,5,0.5907,0.0052,0.59
source-map-url,top,5,0.5903,0.0965,0.5534
write-file-atomic,top,5,0.5899,0.0082,0.5927
buffered-transform,bottom,5,0.5884,0.0107,0.5873
fb-node,bottom,5,0.5879,0.0045,0.5885
widest-line,top,5,0.5878,0.0045,0.5869
read-pkg,top,5,0.5874,0.0094,0.5911
express-sanitizer,middle,5,0.5871,0.0106,0.5912
jpeg-recompress-bin,middle,5,0.5871,0.0092,0.5875
dev-web-server,bottom,5,0.5871,0.0244,0.576
browserify-sign,top,5,0.5867,0.011,0.582
ios-splash-generate,bottom,5,0.5864,0.0312,0.57
standard,top,5,0.5863,0.0214,0.5708
read-pkg-up,top,5,0.5862,0.0136,0.5923
git-repository,middle,5,0.5853,0.0131,0.5886
zopflipng-bin,middle,5,0.5851,0.0031,0.5837
right-align,top,5,0.5841,0.0085,0.581
queue-anim,middle,5,0.5836,0.0219,0.5915
is-path-cwd,top,5,0.5829,0.0,0.5829
crossvent,middle,5,0.5828,0.0171,0.5795
fill-range,top,5,0.5827,0.02,0.5931
stack-utils,top,5,0.5827,0.0237,0.57
node-bcrypt-pbkdf,top,5,0.5823,0.0058,0.5823
mime-types,top,5,0.581,0.0042,0.5816
isexe,top,5,0.581,0.0218,0.5734
dir-glob,top,5,0.5809,0.007,0.5772
resolve-protobuf-schema,middle,5,0.5809,0.0024,0.581
callback-timer,bottom,5,0.5806,0.0039,0.5789
python-shell,middle,5,0.5796,0.0248,0.5795
try-require,middle,5,0.5791,0.0063,0.5837
jsdoccer,bottom,5,0.5787,0.0144,0.5791
expand-brackets,top,5,0.5786,0.0057,0.5813
node-har-validator,top,5,0.5782,0.0091,0.5764
del,top,5,0.578,0.0275,0.5586
find-up,top,5,0.5776,0.0319,0.5645
enb-y-i18n,bottom,5,0.5775,0.0045,0.5758
bn.js,top,5,0.5774,0.0324,0.5936
yargs-parser,top,5,0.5771,0.0078,0.5797
grunt-svgstore,middle,5,0.5763,0.001,0.5757
requires-port,top,5,0.576,0.031,0.5731
publicEncrypt,top,5,0.5753,0.0097,0.5787
babel-preset-es2015-mod,middle,5,0.5752,0.0072,0.5734
braces,top,5,0.5737,0.0204,0.5826
reduce-function-call,top,5,0.5736,0.0079,0.5791
common-dir,middle,5,0.5733,0.0027,0.5727
resource-loader,middle,5,0.5731,0.0039,0.5728
join-path,middle,5,0.5727,0.0123,0.5763
ansi-wrap,top,5,0.5723,0.0169,0.5802
firstline,middle,5,0.572,0.0012,0.5711
serve-index,top,5,0.5718,0.0126,0.5676
gulp-sloc,bottom,5,0.5717,0.0035,0.5717
purifycss-webpack,middle,5,0.5715,0.0043,0.571
vue-touch,middle,5,0.5712,0.003,0.5694
level-fancy,bottom,5,0.5709,0.0051,0.5694
calendar-matrix,bottom,5,0.5694,0.0092,0.568
event-source-emitter,bottom,5,0.569,0.0075,0.5636
gl-vec3,middle,5,0.5686,0.0087,0.5662
ab-testing,bottom,5,0.5681,0.0126,0.5715
stdout-stream,top,5,0.5671,0.0019,0.5658
jhipster-core,middle,5,0.567,0.0105,0.5742
strip-indent,top,5,0.5664,0.0051,0.5641
expand-range,top,5,0.5664,0.0055,0.5647
content-type,top,5,0.5659,0.0324,0.5588
csstree,top,5,0.5657,0.018,0.5653
rtl-detect,middle,5,0.5657,0.0072,0.5682
express-boot,bottom,5,0.5655,0.0158,0.5626
extglob,top,5,0.5654,0.0119,0.5686
invariant,top,5,0.5654,0.0057,0.5667
createHash,top,5,0.5653,0.0003,0.5652
is-path-in-cwd,top,5,0.5649,0.0139,0.565
loadjs,middle,5,0.5648,0.0156,0.5642
key-remap,bottom,5,0.5646,0.0087,0.5603
invert-kv,top,5,0.5646,0.0026,0.5634
log-symbols,top,5,0.5645,0.0197,0.5542
webpack-bundle-analyzer,top,5,0.5643,0.0063,0.5661
m-date-picker,middle,5,0.5639,0.0049,0.5666
heartbleed.js,bottom,5,0.5633,0.0097,0.5598
koala,middle,5,0.563,0.005,0.5595
hotkeys,middle,5,0.5628,0.0168,0.5698
point-geometry,middle,5,0.5624,0.0114,0.5576
process-nextick-args,top,5,0.5617,0.0112,0.5634
is-root,top,5,0.5615,0.0173,0.5535
is-extendable,top,5,0.5615,0.0103,0.5587
setprototypeof,top,5,0.5611,0.0039,0.5583
Validator,middle,5,0.5605,0.008,0.5608
assetment,bottom,5,0.5602,0.0,0.5602
ghusers,bottom,5,0.5601,0.0106,0.5582
webidl2js,middle,5,0.5597,0.0173,0.565
mixin-deep,top,5,0.5587,0.0202,0.5547
aws-billing,bottom,5,0.5585,0.0196,0.5531
2fa,bottom,5,0.5581,0.0091,0.5579
less-runner,bottom,5,0.5581,0.0102,0.5549
os-homedir,top,5,0.5575,0.0105,0.5588
forwarded,top,5,0.5564,0.0553,0.5357
to-regex-range,top,5,0.5563,0.0176,0.5507
hipku,bottom,5,0.556,0.0071,0.5609
js-peer-info,middle,5,0.5558,0.0039,0.5569
gulp-autoprefixer,top,5,0.5556,0.0385,0.5766
node-basecontroller-core,bottom,5,0.5553,0.0038,0.5556
generator-readme,bottom,5,0.5552,0.0041,0.5559
esri-dump,bottom,5,0.5549,0.0186,0.562
is-online,middle,5,0.5545,0.0145,0.5593
BaseCRM,bottom,5,0.553,0.0079,0.5493
normalize-range,top,5,0.5528,0.0167,0.5462
vinyl-source-stream,top,5,0.5528,0.0176,0.5474
ncname,top,5,0.5523,0.0247,0.5494
co-thrift,bottom,5,0.5523,0.0175,0.5446
dot-prop,top,5,0.5523,0.0057,0.5537
gulp-p4,bottom,5,0.5516,0.004,0.5498
lines-and-columns,middle,5,0.5504,0.0362,0.5554
to-arraybuffer,top,5,0.5503,0.011,0.55
memfs,middle,5,0.5501,0.0055,0.5541
nodejs-driver,middle,5,0.5495,0.0385,0.5465
card-dealer,bottom,5,0.5494,0.0003,0.5496
media-typer,top,5,0.549,0.0014,0.5484
set-immediate-shim,top,5,0.549,0.0197,0.5538
relative,middle,5,0.5486,0.0154,0.5388
mimic-fn,top,5,0.5485,0.0228,0.5421
resolve-cwd,top,5,0.5473,0.0171,0.547
node-test-runner,middle,5,0.5469,0.0038,0.5479
javascript-sdk,middle,5,0.5468,0.0131,0.5387
codewars,bottom,5,0.5467,0.0046,0.5488
ftp-generate-response,bottom,5,0.5463,0.007,0.5471
regextras,middle,5,0.5459,0.0,0.5459
is-keyword,bottom,5,0.5458,0.0071,0.5469
dns-packet,top,5,0.5457,0.0051,0.548
jpegoptim-bin,middle,5,0.5456,0.0128,0.543
spdx-correct.js,top,5,0.5455,0.0164,0.5561
merkle-lib,middle,5,0.545,0.0149,0.5453
assert-http,bottom,5,0.5444,0.0039,0.5426
dustjacket,bottom,5,0.5444,0.0172,0.5426
lightbox,bottom,5,0.544,0.0081,0.5396
cfn-config,bottom,5,0.5423,0.0358,0.5344
node-tmp-sync,middle,5,0.5396,0.0041,0.5378
collection-visit,top,5,0.5396,0.0024,0.5398
get-stream,top,5,0.5392,0.0161,0.5418
stealthy-require,top,5,0.5392,0.0404,0.5345
sass-graph,top,5,0.539,0.0505,0.5153
derequire-transform,bottom,5,0.5388,0.033,0.5417
dns-txt,top,5,0.5382,0.0143,0.5418
fluxer,bottom,5,0.5379,0.006,0.5405
String.prototype.trimRight,top,5,0.5377,0.0135,0.5474
iconify,bottom,5,0.5376,0.0267,0.5266
m-picker,middle,5,0.5375,0.0298,0.5486
import-cwd,top,5,0.5369,0.0335,0.5479
gulp-ava,middle,5,0.5367,0.0233,0.5421
node-klaw,top,5,0.5364,0.0178,0.5282
sequence,middle,5,0.5364,0.1113,0.6098
xdg-trashdir,middle,5,0.5362,0.0133,0.5371
node-dom-urls,top,5,0.5357,0.0006,0.5356
opt-cli,middle,5,0.5354,0.0022,0.5346
is-my-json-valid,top,5,0.535,0.011,0.5315
errorhandler,top,5,0.5349,0.0079,0.5386
duplexify,top,5,0.5344,0.0103,0.5354
config-lite,middle,5,0.5339,0.0066,0.5371
node-rand-token,middle,5,0.5339,0.0077,0.5308
to-object-path,top,5,0.5338,0.0178,0.5256
is-invalid-path,middle,5,0.5325,0.0117,0.5321
get-value,top,5,0.5324,0.0303,0.5545
generator-lib-java,bottom,5,0.5324,0.0034,0.5339
node-app-root-path,top,5,0.5324,0.0208,0.5215
sane,top,5,0.5323,0.0132,0.5329
broccoli-autoprefixer,middle,5,0.532,0.0106,0.5333
attrition,bottom,5,0.5319,0.0618,0.5585
router,middle,5,0.5317,0.0435,0.5342
postcss-filter-plugins,top,5,0.5316,0.0215,0.5245
node-logentries-retrieving-log,bottom,5,0.5309,0.0087,0.5316
is-type-of,middle,5,0.5307,0.0148,0.5342
json-schema-view,bottom,5,0.5306,0.005,0.5273
colormin,top,5,0.5304,0.033,0.528
wrappy,top,5,0.5293,0.0225,0.5224
karma-sets,bottom,5,0.5291,0.0647,0.5657
is-windows,top,5,0.5287,0.0067,0.5266
ampersand-model-patch-mixin,bottom,5,0.5286,0.0114,0.5235
iframe-api,bottom,5,0.5278,0.0094,0.5318
configurable-http-proxy,bottom,5,0.5274,0.0144,0.5272
extract-gettext,bottom,5,0.5273,0.0065,0.5313
wrap-ansi,top,5,0.5271,0.0079,0.5236
esri-gnip,bottom,5,0.527,0.0131,0.5285
time-stamp,top,5,0.527,0.0197,0.535
beeper,top,5,0.5268,0.0189,0.5373
is-npm,top,5,0.5258,0.0123,0.5225
array-slice,top,5,0.525,0.0094,0.5215
complexion-time-map,bottom,5,0.525,0.0035,0.5253
linerstream,middle,5,0.5245,0.0004,0.5248
json-web-crawler,bottom,5,0.5244,0.0013,0.5238
call-me-maybe,top,5,0.5243,0.0069,0.5245
remove-markdown,middle,5,0.5242,0.0164,0.5255
contact-form,bottom,5,0.5242,0.0034,0.5242
geo-tree,bottom,5,0.524,0.005,0.5269
node-areacodes,bottom,5,0.5239,0.041,0.5112
buzzfeed-headlines,bottom,5,0.5238,0.0157,0.528
gulp-haste,bottom,5,0.5237,0.0149,0.5331
svg4everybody,middle,5,0.5232,0.0349,0.5019
dial-roller,bottom,5,0.5221,0.0074,0.5231
has-require,middle,5,0.5219,0.0191,0.5247
pushdata-bitcoin,middle,5,0.5215,0.0073,0.5165
inject-lr-script,middle,5,0.5211,0.0175,0.5312
y18n,top,5,0.5209,0.0215,0.517
uniqs,top,5,0.5198,0.0068,0.5159
camelcase,top,5,0.519,0.007,0.5166
ipod,bottom,5,0.5188,0.0179,0.5279
Node.CLI-Progress,middle,5,0.5181,0.0103,0.5218
gitignoreensure,bottom,5,0.5177,0.0076,0.5195
ci-info,top,5,0.5177,0.0154,0.5249
array-union,top,5,0.5169,0.0119,0.5166
line-length.js,bottom,5,0.5161,0.0138,0.5156
boxen,top,5,0.5158,0.0344,0.5235
chain-args,bottom,5,0.5154,0.0353,0.4985
lcd-pcf8574,bottom,5,0.5152,0.0077,0.5199
helper-coverage,middle,5,0.5148,0.0008,0.5145
aos,middle,5,0.5147,0.019,0.501
add-func-name,bottom,5,0.5138,0.0392,0.5201
session,top,5,0.5137,0.0133,0.5192
pseudomap,top,5,0.5137,0.0206,0.51
markdown-it-attrs,middle,5,0.5134,0.015,0.5073
node-macaddress,top,5,0.513,0.0144,0.517
has-flag,top,5,0.5124,0.019,0.5151
level-rest,bottom,5,0.5121,0.0077,0.5154
from2,top,5,0.5114,0.0245,0.4986
menubar,middle,5,0.5111,0.014,0.5096
merge2,top,5,0.5106,0.0168,0.5203
randombytes,top,5,0.5101,0.0104,0.5101
xml-char-classes,top,5,0.5099,0.024,0.5245
multicast-dns-service-types,top,5,0.5097,0.0964,0.4526
auto-changelog,middle,5,0.5097,0.0489,0.4771
flow-view,bottom,5,0.5096,0.0164,0.5089
atool-build,middle,5,0.5093,0.0093,0.5116
babel-plugin-root-import,middle,5,0.5084,0.0042,0.5065
testing,middle,5,0.5081,0.0061,0.5101
mississippi,top,5,0.5081,0.0075,0.5035
node-cmd,middle,5,0.507,0.0172,0.5028
gulp-natural-sort,middle,5,0.5069,0.009,0.5037
node-file-index,bottom,5,0.5066,0.0048,0.5045
redux,top,5,0.5061,0.0169,0.4996
contractual,bottom,5,0.506,0.0011,0.5057
fist-fistlabs_unit_serial,bottom,5,0.5057,0.0276,0.5024
loud-rejection,top,5,0.5056,0.0002,0.5057
currently-unhandled,top,5,0.5053,0.0251,0.4931
encoding-down,middle,5,0.5051,0.0886,0.5334
isModule,bottom,5,0.505,0.0147,0.5082
grunt-jscpd-reporter,bottom,5,0.5044,0.0129,0.4984
fastfall,middle,5,0.5041,0.0285,0.501
backbone.ribs,bottom,5,0.5039,0.0142,0.5011
bitcoin-ops,middle,5,0.5038,0.0385,0.4862
activity-streams.js,bottom,5,0.5032,0.0103,0.5015
peek-stream,middle,5,0.5031,0.0185,0.4895
array-find-index,top,5,0.5027,0.0066,0.5049
transliteration,middle,5,0.5027,0.0117,0.505
algolia-webcrawler,bottom,5,0.5025,0.0065,0.505
postcss-modules-scope,top,5,0.5025,0.002,0.5033
fsm2dot,bottom,5,0.5022,0.0184,0.5143
union-value,top,5,0.5018,0.0082,0.5064
js-symbol-tree,top,5,0.5015,0.0112,0.4949
event-aggregator,middle,5,0.5005,0.0109,0.5004
heroku-cli-util,middle,5,0.5003,0.0109,0.5021
arrify,top,5,0.4999,0.037,0.5113
postcss-initial,top,5,0.4993,0.0104,0.5046
fn-args,middle,5,0.4992,0.0083,0.4978
asorted,bottom,5,0.4987,0.007,0.5015
prebuild,middle,5,0.498,0.0752,0.5384
Dexie.js,middle,5,0.498,0.0153,0.5002
inflight,top,5,0.4979,0.0451,0.4732
ghost-render,bottom,5,0.4969,0.0299,0.5106
espower-source,middle,5,0.4965,0.0461,0.5202
dominator,bottom,5,0.4965,0.0137,0.5065
abstract-logging,middle,5,0.4963,0.0096,0.5031
builtins,top,5,0.4963,0.0189,0.4878
hapi-magic-filter,bottom,5,0.4958,0.0074,0.4943
plugin-host-resize,bottom,5,0.4952,0.0163,0.4872
web-resource-inliner,middle,5,0.4952,0.0036,0.4972
pbkdf2,top,5,0.4949,0.0132,0.4935
create-cipher,bottom,5,0.4947,0.0016,0.4944
window-size,top,5,0.4942,0.021,0.4962
restore-cursor,top,5,0.4935,0.0042,0.4948
path-type,top,5,0.4933,0.0202,0.4892
es-to-primitive,top,5,0.4926,0.0593,0.4791
gulp-processhtml,middle,5,0.4916,0.0102,0.4923
Leaflet.timeline,bottom,5,0.4909,0.0093,0.488
react-scrolllock,middle,5,0.4908,0.0231,0.5026
hash-base,top,5,0.4906,0.0202,0.4939
des.js,top,5,0.4905,0.0028,0.4925
fastparse,top,5,0.4904,0.0313,0.494
lasercat-workshop,bottom,5,0.49,0.0152,0.4831
clever-tools,bottom,5,0.4898,0.0141,0.4928
comparray,bottom,5,0.4894,0.0312,0.5082
is-glob,top,5,0.4888,0.014,0.4947
broccoli-i18n-lazy-lookup,bottom,5,0.4883,0.0145,0.4894
decamelize,top,5,0.4875,0.0095,0.4918
yeast,top,5,0.4873,0.02,0.4859
run-applescript,middle,5,0.4872,0.0017,0.4859
exit-hook,top,5,0.4858,0.0111,0.4802
node-manage-path,middle,5,0.4852,0.0104,0.4905
cli-snow,bottom,5,0.4847,0.0293,0.4995
1rm.js,bottom,5,0.4843,0.0176,0.4761
boundary,middle,5,0.4842,0.0057,0.4876
jsdelta,bottom,5,0.4837,0.0075,0.482
cli-spy,bottom,5,0.4835,0.0061,0.4826
signal-exit,top,5,0.4834,0.023,0.4851
emic2,bottom,5,0.483,0.026,0.4888
pumpify,top,5,0.4824,0.0094,0.4861
humanize-string,middle,5,0.482,0.0179,0.4875
logbrok,bottom,5,0.4811,0.0492,0.4624
is-valid-path,middle,5,0.4798,0.0332,0.4924
should.js,top,5,0.4797,0.0175,0.4775
autorecordmic,bottom,5,0.4792,0.0331,0.4816
parse-unit,middle,5,0.4786,0.0081,0.4836
String.prototype.trimLeft,top,5,0.4774,0.0254,0.4755
css-driven,bottom,5,0.4771,0.0223,0.4909
co-inbox,bottom,5,0.4765,0.0092,0.4727
opt-merger,middle,5,0.4753,0.0236,0.4848
ember-cli-autoprefixer,middle,5,0.4752,0.0103,0.4706
backpack-ht16k33,bottom,5,0.4751,0.002,0.4759
repeating,top,5,0.4749,0.0447,0.4538
axios,top,5,0.4747,0.0073,0.4769
hash-sum,top,5,0.4743,0.0021,0.4757
has-unicode,top,5,0.4743,0.0106,0.4751
reInterval,middle,5,0.4732,0.0292,0.4538
npm-run-path,top,5,0.473,0.0617,0.4287
import-from,top,5,0.4729,0.0497,0.4572
browser-stdout,top,5,0.4727,0.0062,0.469
mount-point,middle,5,0.4708,0.0173,0.4766
kind-of,top,5,0.4703,0.0135,0.4756
postcss-value-parser,top,5,0.4701,0.0154,0.4672
command-mapper,bottom,5,0.4699,0.0107,0.4743
browserslist,top,5,0.469,0.0044,0.4674
node-adif,bottom,5,0.4686,0.0084,0.4694
co-event-wrap,bottom,5,0.4685,0.0129,0.4675
caniuse-lite,top,5,0.4685,0.0229,0.4609
kindle-periodical,bottom,5,0.4678,0.0157,0.4724
arrayof,bottom,5,0.4665,0.0149,0.4609
prepush,middle,5,0.4663,0.0174,0.4779
husky,top,5,0.4662,0.0094,0.4705
licensify,middle,5,0.4662,0.028,0.4788
hotpath,bottom,5,0.4661,0.0139,0.4631
node-os,middle,5,0.466,0.0289,0.4837
bump-cli,middle,5,0.4658,0.0168,0.4722
boomcatch,bottom,5,0.4656,0.0088,0.4625
concat,middle,5,0.4653,0.0289,0.4864
auto-generate,bottom,5,0.4644,0.008,0.4673
is-it-purple,bottom,5,0.464,0.0075,0.4598
string-length,top,5,0.4635,0.0122,0.4585
for-in,top,5,0.463,0.038,0.4622
detect-file,top,5,0.4623,0.0077,0.4598
dockerify,bottom,5,0.4616,0.0101,0.4586
node-jl,bottom,5,0.4611,0.0,0.4611
versionify,middle,5,0.4606,0.0093,0.4636
node-engine-light,bottom,5,0.4606,0.0175,0.456
pretty-bytes,top,5,0.4593,0.0035,0.4606
for-own,top,5,0.4583,0.0202,0.4534
yallist,top,5,0.4578,0.0482,0.4872
postcss-devtools,middle,5,0.4575,0.0415,0.4672
iostreams,bottom,5,0.4558,0.0027,0.457
gunzip-maybe,middle,5,0.4544,0.0201,0.4482
cipher-base,top,5,0.4539,0.0044,0.4569
enable,middle,5,0.4537,0.0489,0.4247
node-pn,top,5,0.4532,0.0133,0.4449
immer,top,5,0.4531,0.0514,0.4808
mime-db,top,5,0.4528,0.0053,0.4552
output-file-sync,top,5,0.452,0.0137,0.4503
node-jscrap,bottom,5,0.452,0.0068,0.4507
node-lintspaces,middle,5,0.4515,0.0081,0.4523
run-sequence,top,5,0.4513,0.0563,0.4264
assets-bower-ci,bottom,5,0.4512,0.0158,0.4427
pify,top,5,0.4505,0.0175,0.4377
http-request-builder,bottom,5,0.4502,0.0105,0.4542
react-burger-menu,middle,5,0.4495,0.0357,0.4335
aproba,top,5,0.4494,0.0238,0.4454
jenny,bottom,5,0.4479,0.0141,0.4542
assign-deep,middle,5,0.4474,0.0175,0.4378
gearsloth,bottom,5,0.4473,0.0039,0.4475
contentstream,middle,5,0.4465,0.0183,0.4423
github-language,bottom,5,0.446,0.0168,0.4362
Object.values,top,5,0.4458,0.0004,0.446
gulp-reduce-file,middle,5,0.4448,0.0073,0.4395
cosmiconfig,top,5,0.4441,0.0342,0.456
glry,bottom,5,0.4438,0.0227,0.4381
object-assign,top,5,0.443,0.0031,0.4421
big-red-button,bottom,5,0.4423,0.0087,0.4428
license-gen,bottom,5,0.4411,0.0162,0.4407
http,middle,5,0.4409,0.0129,0.444
path-key,top,5,0.4404,0.0301,0.4395
read-file,middle,5,0.4401,0.0252,0.4233
createHmac,top,5,0.4394,0.0083,0.4383
istanbul-threshold-checker,middle,5,0.439,0.0194,0.4324
cliui,top,5,0.4387,0.0135,0.4376
redent,top,5,0.4385,0.0447,0.4116
node-fetch-politely,bottom,5,0.4377,0.0134,0.4339
StackBlur,middle,5,0.4375,0.0021,0.4365
varuint-bitcoin,middle,5,0.4355,0.0116,0.4297
jasmine-n-matchers,bottom,5,0.4353,0.0015,0.436
ansi-html,top,5,0.434,0.0019,0.4333
has-value,top,5,0.4334,0.0154,0.4292
templating-resources,middle,5,0.433,0.0092,0.4353
angular-names,bottom,5,0.4324,0.0164,0.4422
browser-env,middle,5,0.4316,0.0169,0.4199
jwt,middle,5,0.4309,0.0002,0.4308
dogedc,bottom,5,0.4301,0.0107,0.4251
airtight-css-lint,bottom,5,0.4301,0.0117,0.4279
relateurl,top,5,0.4294,0.0177,0.4207
handle-callback,bottom,5,0.429,0.0053,0.4274
escallmatch,middle,5,0.4287,0.0156,0.4244
postcss-media-minmax,top,5,0.4283,0.0302,0.4242
unset-value,top,5,0.4282,0.0579,0.409
bpmn-js-debug-overlay,bottom,5,0.4277,0.0083,0.4276
301-node,bottom,5,0.4272,0.0311,0.4421
detect-data-stream,bottom,5,0.4267,0.0023,0.4259
find-file-up,middle,5,0.4265,0.0106,0.4255
object.omit,top,5,0.426,0.0,0.426
commist,middle,5,0.4253,0.013,0.4255
ghpages,middle,5,0.425,0.0179,0.4308
ls-fs,bottom,5,0.4249,0.0049,0.4232
define-property,top,5,0.4246,0.0175,0.4148
fetch,top,5,0.424,0.0204,0.4353
deuces,bottom,5,0.4236,0.0087,0.4274
gulp-use-asset,bottom,5,0.4225,0.0319,0.4061
github-changes,middle,5,0.4195,0.015,0.4129
test-exclude,top,5,0.4187,0.008,0.4137
babel-plugin-css-modules-transform,middle,5,0.4146,0.0139,0.4095
multipipe,top,5,0.4144,0.0455,0.3928
run-auto,middle,5,0.4143,0.0348,0.4306
tween-one,middle,5,0.4139,0.0506,0.4403
jthoober,bottom,5,0.4137,0.0129,0.4119
leinwand,bottom,5,0.413,0.0262,0.4246
shiro-trie,middle,5,0.4126,0.0107,0.4188
node-bcat,bottom,5,0.4124,0.0161,0.4123
node-flipr,bottom,5,0.412,0.013,0.4186
jQuerySimpleMask,bottom,5,0.4112,0.0319,0.4132
crossbar-nodejs,bottom,5,0.4105,0.0172,0.4186
arr-diff,top,5,0.4099,0.0028,0.4113
perfectionist,middle,5,0.4093,0.0668,0.3617
dockerspaniel,bottom,5,0.4069,0.0178,0.4046
titleize,middle,5,0.405,0.0198,0.4108
eightbyeight,bottom,5,0.4047,0.0482,0.4194
aflow.js,bottom,5,0.4043,0.0335,0.397
globstar,middle,5,0.4042,0.0155,0.4064
CrawlerX,bottom,5,0.4041,0.0141,0.4023
js-commons,bottom,5,0.4037,0.0217,0.3918
code-point-at,top,5,0.4034,0.0184,0.4015
node-lazy-api,bottom,5,0.403,0.0105,0.4004
node-inst,bottom,5,0.4022,0.0161,0.3951
kardia,bottom,5,0.401,0.0418,0.4059
use,top,5,0.4006,0.0146,0.4055
wif,middle,5,0.3996,0.0483,0.377
gp-js-client,middle,5,0.3992,0.0139,0.406
erroz,bottom,5,0.3987,0.0309,0.3993
humanb,bottom,5,0.3981,0.0133,0.3921
bepacked,bottom,5,0.3971,0.026,0.4076
asapi,bottom,5,0.3969,0.0046,0.396
gulp-plumber,top,5,0.3966,0.0562,0.3762
changelogx,middle,5,0.3955,0.0205,0.3862
bossy,middle,5,0.3934,0.0324,0.3872
ios-icon-resize,bottom,5,0.3929,0.0062,0.3897
fancy-log,top,5,0.3929,0.0049,0.395
exposify,middle,5,0.3921,0.0109,0.3915
warning,top,5,0.3917,0.0272,0.3873
loose-envify,top,5,0.3914,0.0108,0.3914
react-group,middle,5,0.3905,0.0032,0.3898
kmath,bottom,5,0.3904,0.0083,0.3904
dotignore,bottom,5,0.3902,0.046,0.4164
grunt-knex-schema,bottom,5,0.3886,0.0126,0.3921
jqueue,bottom,5,0.3883,0.0267,0.3846
mixin-object,top,5,0.3878,0.0103,0.3882
resolve-dir,top,5,0.3872,0.0109,0.3855
imagemin-cli,middle,5,0.3857,0.0137,0.3826
Commando,middle,5,0.3851,0.0083,0.3893
colsole,bottom,5,0.3837,0.029,0.3698
package-deps,middle,5,0.3833,0.0095,0.387
injectify-view,bottom,5,0.3824,0.0128,0.3907
hoist-non-react-statics,top,5,0.3816,0.0178,0.3873
copy,middle,5,0.3811,0.0246,0.385
handpipe.js,bottom,5,0.3807,0.0159,0.3836
detect-browser,middle,5,0.3783,0.0257,0.3642
source-list-map,top,5,0.3778,0.0113,0.3785
purifycss,middle,5,0.3773,0.0131,0.3743
node-parse-numeric-range,middle,5,0.3769,0.0106,0.3778
rechoir,top,5,0.3763,0.066,0.3617
discord.js-musicbot-addon,middle,5,0.3763,0.0056,0.3754
stream-shift,top,5,0.3757,0.0235,0.3655
topo,top,5,0.3745,0.0201,0.3735
fruit,bottom,5,0.3743,0.0092,0.3798
match-at,middle,5,0.374,0.0246,0.3881
icss-utils,top,5,0.3728,0.0057,0.3702
help-me,middle,5,0.3712,0.012,0.368
gulp-framework-dep,bottom,5,0.3707,0.0242,0.3569
phridge,middle,5,0.37,0.0123,0.3774
ampersand-date-view,bottom,5,0.3696,0.0146,0.3801
content,middle,5,0.3695,0.0054,0.3677
isobject,top,5,0.3694,0.0184,0.3636
countn,bottom,5,0.3686,0.0089,0.3637
url-slug,middle,5,0.3685,0.0274,0.3594
danfe,bottom,5,0.368,0.0046,0.3689
kimi,bottom,5,0.3678,0.0251,0.3807
dtree,bottom,5,0.3672,0.0153,0.3653
drop-while,bottom,5,0.367,0.0108,0.364
kmp-matcher,bottom,5,0.3666,0.0138,0.3659
array-differ,top,5,0.3666,0.0157,0.3672
promises-es6,middle,5,0.3657,0.011,0.3633
dsigner,bottom,5,0.3617,0.1026,0.2894
package-json,top,5,0.3604,0.0043,0.3604
anchor,bottom,5,0.3604,0.0321,0.355
node-fx-runner,middle,5,0.3583,0.0101,0.3647
IVS.js,bottom,5,0.3581,0.0124,0.3593
hapi-bookshelf,bottom,5,0.3575,0.0045,0.3596
gulp-cssbeautify,middle,5,0.356,0.0141,0.3481
df,middle,5,0.3551,0.0266,0.367
node-html-pdf,middle,5,0.354,0.0154,0.3628
qs,top,5,0.3538,0.0224,0.3407
earl-grey,middle,5,0.3538,0.0476,0.3476
object.defaults,top,5,0.3521,0.0189,0.3497
table,top,5,0.3513,0.0131,0.3554
clingwrap,bottom,5,0.3496,0.0211,0.3594
e3x-cs3a,bottom,5,0.3491,0.008,0.3501
composition,middle,5,0.3477,0.0041,0.3497
nodejs-depd,top,5,0.3456,0.0932,0.3746
countdown.js,bottom,5,0.3435,0.0185,0.3458
getpackages,bottom,5,0.3434,0.0344,0.3638
eslint-plugin-css-modules,middle,5,0.342,0.0059,0.3409
unassert,middle,5,0.3377,0.0133,0.3372
hbars,bottom,5,0.3367,0.0207,0.3504
boring-config,bottom,5,0.3356,0.0038,0.3345
acqua,bottom,5,0.3341,0.0039,0.3334
yn,top,5,0.3337,0.032,0.3459
defaults-deep,middle,5,0.3327,0.0378,0.3301
cache-base,top,5,0.3319,0.0018,0.3319
blacklist,middle,5,0.3315,0.0157,0.3279
fb-xmpp-connector,bottom,5,0.3313,0.0078,0.335
batch-me-if-you-can,bottom,5,0.3305,0.0104,0.3311
fetchr,middle,5,0.3281,0.0235,0.3237
espial,bottom,5,0.328,0.0694,0.3478
keystone,bottom,5,0.3272,0.038,0.344
json-silo,bottom,5,0.3219,0.0137,0.3163
issuemd,bottom,5,0.3218,0.0161,0.3208
rollup,top,5,0.3212,0.0467,0.3014
yargonaut,middle,5,0.317,0.0274,0.3207
marko,middle,5,0.3163,0.0,0.3163
execa,top,5,0.3151,0.0447,0.2941
cliclopts,middle,5,0.3127,0.0151,0.3068
atoa,middle,5,0.312,0.0097,0.3151
framework,middle,5,0.3113,0.0204,0.3093
object.assign,top,5,0.3083,0.0008,0.308
babel-plugin-precompile-charcodes,middle,5,0.3042,0.0071,0.3027
capture-stack-trace,top,5,0.3026,0.018,0.2961
contra,middle,5,0.3024,0.0111,0.2973
command-line-commands,middle,5,0.2981,0.015,0.2926
partialify,middle,5,0.2962,0.0164,0.2961
verup,middle,5,0.2942,0.033,0.2839
choice,bottom,5,0.2935,0.0108,0.2999
absync,bottom,5,0.2914,0.0199,0.289
call,middle,5,0.2906,0.0104,0.2932
number-is-nan,top,5,0.2889,0.0012,0.2894
path-is-absolute,top,5,0.287,0.0194,0.2881
dirtybit,bottom,5,0.2844,0.0184,0.2908
node-accept-language,bottom,5,0.2841,0.0111,0.2826
pako,top,5,0.2814,0.036,0.3006
angular-text-toggle,bottom,5,0.2805,0.0067,0.2757
gulp-serve,bottom,5,0.2805,0.0149,0.2809
callback-with,bottom,5,0.2781,0.0551,0.269
core,bottom,5,0.2772,0.0108,0.2799
docooment,bottom,5,0.2752,0.0027,0.2733
original,top,5,0.2726,0.0207,0.2836
d3-sankey,middle,5,0.2714,0.0235,0.2781
knowhow,bottom,5,0.2706,0.0083,0.267
postcss-modules-values,top,5,0.27,0.0016,0.2711
node-hertz,bottom,5,0.2693,0.0501,0.279
ace,middle,5,0.2684,0.0214,0.2751
correcthorse,bottom,5,0.2645,0.0141,0.2592
estktap,bottom,5,0.2642,0.0235,0.2628
nash,middle,5,0.2635,0.0212,0.2611
machine,middle,5,0.2614,0.0342,0.2441
cli,middle,5,0.2612,0.0187,0.2701
abab,top,5,0.2609,0.0148,0.2594
clocker,bottom,5,0.2606,0.0253,0.266
figures,top,5,0.2598,0.0221,0.2563
high5,bottom,5,0.2595,0.0139,0.2551
toxic,middle,5,0.2535,0.0082,0.2532
consign,middle,5,0.2533,0.0113,0.2463
object-visit,top,5,0.2515,0.0277,0.2502
garnish,middle,5,0.2511,0.0072,0.2494
devs,bottom,5,0.2433,0.0191,0.2445
gaffa-image,bottom,5,0.2402,0.0039,0.239
hideout,bottom,5,0.24,0.0074,0.2378
node-fixturify,middle,5,0.2384,0.0146,0.2351
is-finite,top,5,0.2381,0.0056,0.2422
cli-width,top,5,0.2354,0.0256,0.2268
laravel-mix,top,5,0.2342,0.0144,0.2421
iputil,bottom,5,0.2337,0.0093,0.2381
bookshelf-manager,bottom,5,0.2336,0.0073,0.2307
corq,bottom,5,0.2335,0.0112,0.24
lookup-deps,bottom,5,0.2317,0.0164,0.2309
npm-prepublish,middle,5,0.2304,0.0087,0.2342
drool,middle,5,0.2215,0.0146,0.2221
elixir,top,5,0.2207,0.0044,0.2219
rev-del,middle,5,0.2191,0.0023,0.2191
infer,bottom,5,0.2189,0.0138,0.216
ripple,middle,5,0.2189,0.0132,0.2239
Cruiser,bottom,5,0.2169,0.0123,0.2237
emoney,bottom,5,0.2153,0.0111,0.2143
interpret,top,5,0.2136,0.0074,0.2154
impersonate,bottom,5,0.2105,0.0442,0.2322
plexer,middle,5,0.2079,0.0322,0.2004
bootstrapper,middle,5,0.2033,0.0185,0.2066
pal,middle,5,0.2008,0.0117,0.1974
gnar,bottom,5,0.199,0.0142,0.1978
ctrllr,bottom,5,0.1986,0.0132,0.1905
write,top,5,0.1978,0.0001,0.1977
nyc,top,5,0.1958,0.0112,0.1886
haypeaeye,bottom,5,0.1946,0.026,0.1902
coffee,middle,5,0.193,0.022,0.2083
cpa.js,bottom,5,0.1894,0.0146,0.1819
append-transform,top,5,0.1838,0.0923,0.1261
hmks,bottom,5,0.1797,0.0341,0.1578
glue,middle,5,0.1704,0.0163,0.1703
preserve,top,5,0.1704,0.0346,0.1554
kiss,bottom,5,0.1698,0.027,0.1777
parse-asn1,top,5,0.168,0.0072,0.1724
gcr,bottom,5,0.1657,0.0258,0.1473
node-lei-routes-sort,bottom,5,0.1656,0.0097,0.1655
gulp-exemplary,bottom,5,0.1645,0.0051,0.1629
lag,bottom,5,0.1591,0.0224,0.1639
http-proxy-noCrash,bottom,5,0.1559,0.0025,0.1567
meow,top,5,0.1557,0.048,0.1839
fined,top,5,0.1538,0.0717,0.1768
breadboard,bottom,5,0.1527,0.0046,0.1538
blender,bottom,5,0.1456,0.0201,0.1559
iffi,bottom,5,0.1442,0.0091,0.1476
bunnydo,bottom,5,0.1435,0.0239,0.1501
d6,bottom,5,0.1422,0.009,0.1395
animar,bottom,5,0.1402,0.0042,0.1396
htmlizer,bottom,5,0.1296,0.0122,0.1304
date-now,top,5,0.1264,0.0069,0.1245
accessory,middle,5,0.1065,0.0121,0.1097
cool-ascii-faces,middle,5,0.1049,0.0018,0.1037
vuvuzela,middle,5,0.1025,0.0181,0.1011
gracenode-session,bottom,5,0.1007,0.0002,0.1005
es-tar,bottom,5,0.0981,0.0024,0.0982
minimalistic-assert,top,5,0.0981,0.0083,0.0968
caber,bottom,5,0.0922,0.0184,0.0917
react-native-communications,middle,5,0.0913,0.0037,0.0929
governor,bottom,5,0.0904,0.0049,0.0891
grabetha,bottom,5,0.0846,0.0112,0.0867
globo,middle,5,0.0829,0.027,0.0892
collect-callbacks,bottom,5,0.0803,0.002,0.0794
cluster-advisor,bottom,5,0.0793,0.0058,0.0796
browserify-transform-dna,bottom,5,0.0723,0.0096,0.0727
531.js,bottom,5,0.0722,0.0142,0.0711
harmony,bottom,5,0.0706,0.0121,0.0757
barterer,bottom,5,0.069,0.0062,0.0682
NestedObjectAssign,middle,5,0.0684,0.0051,0.072
fast-async,middle,5,0.0628,0.0071,0.0672
brim,bottom,5,0.0595,0.0067,0.0592
is-odd,top,5,0.0589,0.0076,0.0612
brorand,top,5,0.058,0.0132,0.0628
active-knex,bottom,5,0.0579,0.0123,0.059
hapi-prerender,bottom,5,0.0563,0.0066,0.0546
wide-align,top,5,0.0562,0.0125,0.0542
wbuf,top,5,0.0546,0.0308,0.0467
vizion,middle,5,0.0529,0.0142,0.0478
npm-git-info,middle,5,0.0506,0.0155,0.0453
epinfer,bottom,5,0.0475,0.0077,0.0458
gulp-clang-format,middle,5,0.0432,0.0105,0.0437
gryd,bottom,5,0.0424,0.0056,0.0454
consolation,bottom,5,0.0417,0.0323,0.0222
EVP_BytesToKey,top,5,0.0414,0.0174,0.0388
geojson-segment,bottom,5,0.0414,0.0105,0.0445
charabanc,bottom,5,0.0398,0.0092,0.0435
babel-preset-flow-vue,middle,5,0.038,0.0057,0.0392
offset-buffer,top,5,0.0355,0.0086,0.0379
gulp-combine-media-queries,middle,5,0.0346,0.0025,0.0351
foreach-async,bottom,5,0.0342,0.0075,0.0325
isansi,bottom,5,0.0276,0.0092,0.0254
clap,top,5,0.0238,0.0088,0.0261
githubNabber,bottom,5,0.0238,0.0088,0.0229
gitbook-plugin-olark,bottom,5,0.0218,0.0031,0.0239
flat-cache,top,5,0.0213,0.0053,0.0206
node-file-lookup,bottom,5,0.0202,0.0098,0.0254
browserify-cipher,top,5,0.0184,0.0041,0.0165
get-caller-file,top,5,0.0166,0.0232,0.0056
file-entry-cache,top,5,0.0162,0.0137,0.0228
teamwork,middle,5,0.0155,0.0132,0.0106
libreoffice-convert,bottom,5,0.0142,0.0078,0.0143
conflab,bottom,5,0.0139,0.0063,0.017
bem-deps,bottom,5,0.0121,0.0096,0.0178
dtools,bottom,5,0.0081,0.0095,0.0126
miller-rabin,top,5,0.0077,0.0125,-0.0005
krampus,bottom,5,0.0034,0.0241,-0.0116
broccoli-string-replace,middle,5,0.0003,0.0104,-0.0073
filefog-onedrive,bottom,5,0.0002,0.0033,0.0003
ampersand-collection-pouchdb-mixin,bottom,5,-0.0038,0.0041,-0.0026
pem-jwk,middle,5,-0.0079,0.0031,-0.0092
couchdb-sync,bottom,5,-0.0122,0.005,-0.0137
hookies,bottom,5,-0.0467,0.0063,-0.0444
baucis-vivify,bottom,5,-0.0518,0.0307,-0.0651
browserify-rsa,top,5,-0.0527,0.0028,-0.0532
game-grid,bottom,5,-0.0656,0.0023,-0.0653
autocode,bottom,5,-0.0779,0.0024,-0.0775
tacks,middle,5,-0.086,0.0068,-0.0862
