Lib_Name,Source,mean_fog_index
1rm.js,bottom,18.9070683592586
2048term,bottom,16.952674109516217
2fa,bottom,18.335660464857447
301-node,bottom,16.14686639718898
531.js,bottom,15.53765169225585
BaseCRM,bottom,17.20525478903111
Commando,middle,18.183826330803075
CrawlerX,bottom,15.463429941569478
Cruiser,bottom,18.44978120978121
Dexie.js,middle,20.947120313067018
ESB-node-driver,bottom,18.860143065731457
EVP_BytesToKey,top,18.253333333333337
F.js,bottom,19.448599914834883
FileBufferReader,bottom,19.227167919799502
Fritbot,bottom,23.409596227527267
IVS.js,bottom,25.146451377485864
ImageServer,bottom,22.15949103528051
Imager.jsx,bottom,24.317863116572795
Leaflet.MapboxVectorTile,bottom,19.202534081796312
Leaflet.timeline,bottom,17.907541854256955
MetaScript,middle,21.857303331589044
NestedObjectAssign,middle,17.439858351367302
Node.CLI-Progress,middle,16.856208741792518
Object.values,top,18.361830065359477
OwlCarousel2,middle,21.159034391108126
RegExp.prototype.flags,top,21.640063795853273
StackBlur,middle,17.726195135227393
String.prototype.trimLeft,top,12.343885918003565
String.prototype.trimRight,top,13.406274509803922
Validator,middle,17.333516744327227
ab-testing,bottom,18.901969789233217
abab,top,16.70574397690533
abstract-logging,middle,22.30060606060606
absync,bottom,21.630761519182574
accessory,middle,21.484329004329005
ace,middle,20.579290838286532
acorn-globals,top,18.38054732111658
acqua,bottom,17.112930018757652
actions-on-google-nodejs,middle,18.547428289867316
active-knex,bottom,19.06161550944887
activity-streams.js,bottom,20.29265122940241
add-func-name,bottom,17.928913984566158
afinn-96,bottom,16.10902862294343
aflow.js,bottom,19.541249782817534
airtight-css-lint,bottom,18.17733095242223
alchemist-hsl,bottom,17.466030554811045
algolia-webcrawler,bottom,17.936708666330667
algoliasearch-helper-js,middle,18.33425591951908
align-text,top,16.73111111111111
alphanum-sort,top,19.61663003663004
ampersand-collection-pouchdb-mixin,bottom,19.596398467432955
ampersand-date-view,bottom,18.723333333333336
ampersand-model-patch-mixin,bottom,15.406580086580087
ampersand-radio-view,bottom,16.86067122067122
ampersand-sync-localforage,bottom,15.962237573598708
amqp.channel,bottom,22.66775271512114
anchor,bottom,13.895450785773368
angular-chart.js,middle,21.678457229045467
angular-directive-boilerplate,bottom,20.780792842320857
angular-integer,bottom,25.17745950554135
angular-names,bottom,19.865868279781324
angular-nl2br,bottom,17.494545454545456
angular-router-loader,middle,20.759731056697
angular-sockjs,bottom,22.782634999409193
angular-text-toggle,bottom,16.56001043332313
angular-ziptastic,bottom,19.22953336518554
animar,bottom,19.57023993803329
animator-css,middle,19.02673471169745
ansi-colors,top,15.591746031746032
ansi-escapes,top,19.82700280112045
ansi-html,top,17.344808621330362
ansi-regex,top,13.204889643463497
ansi-wrap,top,16.697103257103258
any-promise,top,20.542096705177578
aos,middle,17.126311246311246
apimock-middleware,bottom,19.452893772893773
apostrophe-facebook,bottom,23.67558123036384
appcache-webpack-plugin,middle,21.202725787553376
append-transform,top,15.816363636363638
aproba,top,17.601660300483832
arangojs-extended,bottom,23.002328286406247
arpisea,bottom,19.96696147361499
arr-diff,top,12.348979674068314
arr-flatten,top,16.022335016503813
array-differ,top,14.893249162185333
array-fill,bottom,18.548309816371052
array-find-index,top,18.762711864406782
array-flatten,top,16.68463203463204
array-slice,top,18.019149612691542
array-union,top,17.69216897518957
array-uniq,top,19.30796662274923
array-unique,top,18.86731786731787
arraybuffer.slice,top,16.842205513784464
arrayof,bottom,20.49753357753358
arrify,top,14.154829677300508
asapi,bottom,19.12954264126678
asorted,bottom,16.624870305845917
ass-to-vtt,bottom,17.144472291840714
assert-http,bottom,16.370664107134694
asset-inliner,bottom,20.535431335650216
assetment,bottom,18.03107161844004
assets-bower-ci,bottom,20.396149455111573
assign-deep,middle,15.617982884197176
assign-symbols,top,16.20015466015466
ast-types-flow,top,17.21769151561073
async-each-series,top,18.026662144619262
atoa,middle,16.13830721003135
atool-build,middle,18.21804247686601
attrition,bottom,21.33578177418468
auto-changelog,middle,16.965961350477478
auto-generate,bottom,19.47986630399981
autocode,bottom,18.638164452077497
autod-egg,middle,18.1563615056298
autorecordmic,bottom,24.434920634920637
avprober,bottom,19.97330063121559
aws-billing,bottom,18.77912873912874
aws-instances,bottom,24.70473716759431
axios,top,13.591452991452991
babel-loader,top,17.962284254698048
babel-plugin-css-modules-transform,middle,16.53419002050581
babel-plugin-dynamic-import-node,top,13.918734598734599
babel-plugin-precompile-charcodes,middle,20.663468389644187
babel-plugin-root-import,middle,18.55207929854989
babel-plugin-transform-react-remove-prop-types,top,17.837554629278767
babel-plugin-webpack-alias,middle,20.642109533468563
babel-preset-es2015-mod,middle,17.784260651629076
babel-preset-es2015-node5,middle,12.095672163918042
babel-preset-es2015-node6,middle,14.06498072733367
babel-preset-es2015-without-strict,middle,16.39132681721155
babel-preset-flow-vue,middle,14.358000049211388
babel-preset-power-assert,middle,21.673849026892505
babelify,top,21.467986266606957
babelrc-rollup,middle,18.12458240946046
backbone-computed-properties,bottom,23.92857142857143
backbone-db-elasticsearch,bottom,21.599327731092437
backbone-db-mongodb,bottom,20.171594202898554
backbone.declarative.views,bottom,17.56989352989353
backbone.ribs,bottom,16.56772744870306
backpack-ht16k33,bottom,18.85216589861751
barterer,bottom,17.625427973560967
base64-img,middle,19.747174975562075
batch-me-if-you-can,bottom,22.91488649940263
baucis-vivify,bottom,22.110273411233333
beautify-lint,middle,20.378095238095238
becklyn-gulp,bottom,20.89453698596556
beeper,top,16.58034581165016
beercalc_js,bottom,21.343877068557923
bem-deps,bottom,19.75774964875135
benderjs-amd,bottom,17.36593784788183
bepacked,bottom,18.96820512820513
big-red-button,bottom,19.221702505689215
bili,middle,17.22481075415447
bin-pack,middle,18.763819746532256
binary-extensions,top,19.25058616894317
binding,middle,21.181724551889722
bip32-wallet,bottom,20.448112690752577
bitbucket-ips,bottom,22.42061207609595
bitcoin-ops,middle,15.354362888480534
blacklist,middle,18.681490708467454
blender,bottom,17.426473622330946
bloggy,bottom,16.448421890720113
bloggy-marked-toc,bottom,13.725702367807633
bloggy-rss,bottom,14.371063531063532
blum,bottom,17.329711560299796
bmfont2json,bottom,17.881685078206818
bn.js,top,20.59944824589986
body-parser,top,13.777095088819229
bonjour,top,19.61463895506449
bookshelf-manager,bottom,19.3943730987692
boomcatch,bottom,17.741646153296564
bootstrap-sass-loader,middle,20.718274672187718
bootstrapper,middle,22.498889874790496
boring-config,bottom,21.697370173128395
bossy,middle,16.605662287707922
boundary,middle,23.935555555555556
boxen,top,15.931571444203025
bpmn-js-debug-overlay,bottom,25.857140618879754
braces,top,16.72126984126984
breadboard,bottom,20.40570015758057
breeze.js.bower,bottom,17.681410653404914
breeze.js.labs,bottom,17.16665833124948
brim,bottom,16.467663734115348
broccoli-autoprefixer,middle,23.610858297712518
broccoli-csssplit,bottom,18.886164874551973
broccoli-i18n-lazy-lookup,bottom,23.154922979385226
broccoli-ng-templatecache,bottom,20.17927536231884
broccoli-splitter,bottom,18.537194705257416
broccoli-string-replace,middle,17.701447897969636
brorand,top,17.587452598487083
browser-env,middle,14.62998722860792
browser-pdf-support,bottom,19.372253845445336
browser-process-hrtime,top,21.80579739403269
browser-stdout,top,19.556451875072565
browserify-aes,top,20.140965738328994
browserify-cipher,top,20.771558773707113
browserify-des,top,19.60842647158437
browserify-dev-bundler,bottom,22.210202118198726
browserify-hmr,middle,23.446376680940578
browserify-rsa,top,18.07790849673203
browserify-sign,top,20.27806395207825
browserify-transform-dna,bottom,22.775663446251684
browserslist,top,16.376551435156088
buffer-indexof-polyfill,middle,17.89763440860215
buffer-xor,top,16.445753381665256
buffered-transform,bottom,23.100197044334976
builder-coffee,bottom,19.859750084430935
builtin-modules,top,15.818167108538868
builtin-status-codes,top,16.990186339580518
builtins,top,22.132161569234743
bump-cli,middle,16.751718426501036
bunnydo,bottom,21.782250030671086
busylight,bottom,21.909637289247485
buzzfeed-headlines,bottom,16.99809962042387
caber,bottom,19.812261433656783
cache-base,top,19.342671031728905
cache-wrapper,bottom,17.0395200111277
calendar-matrix,bottom,22.15762289068232
call,middle,14.89333611458768
call-me-maybe,top,16.41997819518425
callback-timer,bottom,16.643426393426395
callback-with,bottom,19.173103653103656
callback-wrapper,bottom,17.354912016088488
caller-callsite,top,14.52018208844296
caller-path,top,12.189624060150376
callsites,top,15.571612848416887
camelcase,top,14.459932659932662
camelcase-keys,top,10.36538568643832
caniuse-lite,top,20.431912761567936
cantina-app-users,bottom,22.88839091192032
capture-stack-trace,top,20.049295889295887
carcass-program,bottom,18.08290986173339
card-dealer,bottom,16.198031182909233
catbox-s3,bottom,14.699695749908518
center-align,top,16.797592999698264
cfn-config,bottom,18.699964856719426
chai-shallow-deep-equal,middle,18.126710035097133
chain-args,bottom,20.56149276712995
changelogx,middle,15.40967061688794
charabanc,bottom,18.823493516399697
check-pages,middle,15.455906432748538
chemical-symbols,bottom,22.681708779756466
choice,bottom,20.334357311376472
ci-info,top,18.50699831158666
cipher-base,top,22.90788429960844
circular-dependency-plugin,top,17.670669763840497
clap,top,17.62789236906884
class-utils,top,21.282941579142953
classlist-polyfill,middle,19.954733893557425
classnames,top,17.719470490899063
clever-tools,bottom,20.334780256930358
cli,middle,20.686566835856922
cli-cursor,top,19.16284125218497
cli-snow,bottom,15.24206474075537
cli-spy,bottom,21.286433566433566
cli-width,top,18.003747346213338
cliclopts,middle,15.186795426795427
clingwrap,bottom,19.577133049462866
cliui,top,20.59118152125017
clocker,bottom,17.31213649096002
clone-deep,top,17.814690382081686
closest,middle,20.067128211955797
clui,middle,18.22865449953222
cluster-advisor,bottom,22.28208125208125
cluster-role,bottom,17.44006893843536
clusterjs,bottom,19.563616383616385
co-event-wrap,bottom,20.94518518518519
co-inbox,bottom,19.640354195681812
co-thrift,bottom,17.72574580659687
code-point-at,top,12.313216374269008
code-snippets,bottom,21.14862934545799
codewars,bottom,21.1144237405107
coffee,middle,17.630740037950666
collect-callbacks,bottom,18.69206541699018
collection-visit,top,19.74051324920847
color-name,top,20.154088669950738
color-support,top,23.00208276135254
colormin,top,15.6129461584997
colorzy,bottom,15.832650248302423
colsole,bottom,20.593160173160175
command-line-commands,middle,22.41868059551739
command-mapper,bottom,17.63817476012598
commist,middle,20.60853529171767
common-dir,middle,14.49385579937304
commonmark-react-renderer,middle,19.347749826370517
comparative-selection,bottom,20.70641604010025
compare-versions,top,14.932531328320803
comparray,bottom,18.5780121703854
complexion-time-map,bottom,20.98480329975542
compose-function,middle,18.43121951219512
composition,middle,21.198248116670765
compression,top,18.062081258835825
concat,middle,14.155840718421365
concat-image,bottom,19.286246883358267
config-lite,middle,18.399611867506604
configurable-http-proxy,bottom,18.379701779701783
conflab,bottom,18.541497646555413
confy-node,bottom,19.082904230272653
connect-weinre-injector,bottom,18.663343987995155
consign,middle,17.10798552416348
consolation,bottom,20.013736240712987
console.table,middle,17.790877192982457
contact-form,bottom,19.253746532456212
contains-path,top,11.855411255411255
content,middle,20.936996336996337
content-disposition,top,17.970707008153816
content-type,top,14.328566663896117
contentful-sdk-core,middle,19.86694638694639
contentstream,middle,18.930119233017372
contra,middle,17.729891747565773
contractual,bottom,19.069674796747968
cookie-parser,top,12.965316081767696
cool-ascii-faces,middle,21.51342245989305
copy,middle,15.540853580853582
copy-webpack-plugin,top,15.391921372974005
cordova-lib,middle,21.236582800518725
core,bottom,18.259573070607555
coreos-cluster,bottom,25.38087098087098
corq,bottom,19.318833517903286
correcthorse,bottom,16.45037089037089
cors,middle,17.9489724310777
cosmiconfig,top,18.395192583600043
couchdb-fauxton,bottom,19.56517078135953
couchdb-sync,bottom,20.13248558126607
couchdb-user-account,bottom,22.75075050709939
countdown.js,bottom,15.526659013527402
countn,bottom,15.633195079567908
cpa.js,bottom,19.223080311944265
create-cipher,bottom,22.922454366452026
createECDH,top,16.45793650793651
createHash,top,18.108098748098747
createHmac,top,15.958302618424323
crop-rotate-and-sample-in-browser,bottom,18.555413370026375
cross-env,top,22.035499231950844
crossbar-nodejs,bottom,16.496955158546946
crossvent,middle,15.309207061123573
css-declaration-sorter,top,18.976645901523952
css-driven,bottom,22.312364655058996
css-selector-tokenizer,top,23.000611018542052
css-url-versioner,bottom,15.382502401812747
csstree,top,15.692269412269411
csv-join,bottom,14.71577964519141
ctrllr,bottom,17.893417573417572
currently-unhandled,top,16.56083028083028
custom-event,top,16.13707507867854
cyclon.p2p-rtc-client,bottom,20.352043010752688
d3-sankey,middle,15.813825336089488
d3-star-plot,bottom,15.599195095204902
d6,bottom,15.298326010448772
daily-comic.js,bottom,16.010260601811563
dailymotion-sdk-node,bottom,19.160172463701876
danfe,bottom,19.148320084790676
date-fns,top,17.0487849660782
date-math,middle,20.521859140686335
date-now,top,15.057433155080215
dbcsv,bottom,17.470816418932838
decamelize,top,15.13089783281734
decompress-response,top,20.04103803997421
default-require-extensions,top,17.04102564102564
defaults-deep,middle,15.951572871572873
deferred-interval,bottom,22.196468340984474
define-exceptions,bottom,20.471307607121563
define-properties,top,21.594217482271937
define-property,top,20.45037629037629
del,top,13.891729323308272
delighted-node,bottom,18.91457450761799
denodeify,top,13.244157050379963
dependency-injection,middle,24.291497975708502
derequire-transform,bottom,18.023882783882787
des.js,top,18.899346092503986
detect-browser,middle,18.433790717353816
detect-data-stream,bottom,19.959698512869245
detect-file,top,17.71776136118541
detect-newline,top,14.538005884275908
detect-node,top,13.880241594847046
detect-port,top,17.738210487123244
detect-rename,bottom,16.07109289244153
deuces,bottom,15.306864337658244
dev-web-server,bottom,16.826114857875655
devs,bottom,20.082862938278762
df,middle,19.062271062271062
dial-roller,bottom,19.890992947196555
dialog,bottom,19.906872579925526
diffie-hellman,top,21.10681679568379
dir-glob,top,16.79543021261319
directory-path,bottom,18.76679040596661
dirtybit,bottom,19.076877840149695
discord.js-musicbot-addon,middle,15.947568036474411
displayer-api-client,bottom,20.845308225868138
dns-packet,top,18.94832771727099
dns-txt,top,12.550546834569605
docker-pull,bottom,20.73722721722722
dockerify,bottom,22.532341289656777
dockerspaniel,bottom,20.40060407428829
docooment,bottom,18.89354325985905
dogedc,bottom,26.12016563146998
dom-replace-html-stream,bottom,19.36603075085834
dom-serialize,top,21.588090399244823
dominator,bottom,22.20459103261382
dot-prop,top,16.41849983991191
dotignore,bottom,15.902492401215806
dotpath-compile,bottom,19.961933105257916
download-email-attachments,bottom,16.684048913474562
draftjs-to-html,middle,10.642623491121823
drool,middle,18.451328629376423
droonga-http-server,bottom,17.76168631105751
drop-while,bottom,15.452269694538554
dropbox-auth-cli,bottom,22.802228739002935
dropbox-mock.js,bottom,19.490679715574586
dropbox-sdk-js,middle,22.202893207773997
dsigner,bottom,19.836705184822556
dtools,bottom,18.80454157947764
dtree,bottom,17.6729542629065
duplexify,top,14.59714285714286
dustjacket,bottom,17.644101479915435
dynamo-converters,bottom,17.34730213493022
e3x-cs3a,bottom,18.907628920786816
earl-grey,middle,15.850780030430807
edp-bcs,bottom,19.792219268247074
edx-modulestore-node,bottom,17.552930707321863
eightbyeight,bottom,20.714580641456344
ejs,top,15.905427983135604
electron-json-storage,middle,15.228313747031322
electron-reload,middle,23.450963748894786
electron-squirrel-startup,middle,18.746455862977605
electron-store,middle,15.855650195096013
electron-window-state,middle,18.300105403581348
element-resize-event,middle,15.804226884226884
elixir,top,19.835231982395012
elliptic,top,23.534362348902086
email-obfuscator,bottom,16.72590612002377
ember-assign-polyfill,middle,15.629224065694654
ember-browserify,middle,17.871506972559605
ember-cli-admin-languages,bottom,21.17965381681629
ember-cli-array-slice,bottom,15.492380952380952
ember-cli-autoprefixer,middle,22.98708994708995
ember-cli-deploy,middle,18.499420517035933
ember-cli-github-pages,middle,16.250515259295746
ember-cli-jsx,bottom,17.564455551863784
ember-cli-typescript,middle,18.62185117967332
ember-dropkick,bottom,18.303912618470825
ember-lodash,middle,19.44302259477575
ember-pdfjs,bottom,17.758387911307505
ember-power-select,middle,16.3255784865541
ember-sinon,middle,14.042124074755653
ember-test-helpers,middle,17.855439756050192
emic2,bottom,19.14025576762419
emoji-regex,top,13.206797385620916
emoney,bottom,21.395788435374236
enable,middle,24.176260232410886
enb-browserify,bottom,21.01591036414566
enb-y-i18n,bottom,20.44952380952381
encodeurl,top,17.262219519610824
encoding-down,middle,19.670427738663033
ends-with,middle,14.966688963210704
engine.io-parser,top,16.72904596904597
epinfer,bottom,21.51602703631573
eris,middle,15.008634407199688
errorhandler,top,16.75270139821864
erroz,bottom,18.177251258226867
es-abstract,top,19.42434988179669
es-tar,bottom,13.934895892928347
es-to-primitive,top,19.907604051437758
es6-project-starter-kit,bottom,19.19696253131274
esbeautifier,middle,20.014603174603174
escallmatch,middle,17.111182795698927
escape-string-regexp,top,19.882322322322324
esformatter-quotes,middle,18.023340933272532
eslint-config-kentcdodds,middle,16.044913484913486
eslint-config-node-style-guide,middle,15.592878632518927
eslint-config-peerigon,middle,19.664668618071918
eslint-config-react,middle,21.483760683760686
eslint-config-standard,top,16.151282746160796
eslint-loader,top,15.690810810810811
eslint-plugin,middle,20.725128205128208
eslint-plugin-css-modules,middle,16.467546147546148
eslint-plugin-github,middle,17.793460228411142
eslint-plugin-import,top,16.16553257972613
eslint-plugin-lodash,middle,15.439519519519521
eslint-plugin-node,top,17.09834757834758
eslint-plugin-react,top,18.27556896262779
eslint-plugin-standard,top,15.359291101055806
espial,bottom,21.85944118299744
espower-source,middle,20.353048433048436
espree,top,15.96388422035481
esri-dump,bottom,17.65680988382814
esri-gnip,bottom,20.124289044289046
estktap,bottom,21.498741258741262
etag,top,18.501906940527633
event-aggregator,middle,21.98257769965087
event-source-emitter,bottom,17.12766451938866
excuses,bottom,22.906096866096867
exec-sh,top,14.410474105819375
execa,top,13.287920965203707
exit-hook,top,11.647643442127725
exp-asynccache,bottom,20.714911416472216
expand-brackets,top,16.093034955138744
expand-range,top,14.944916344916345
exposify,middle,19.496080553767417
express-batch,bottom,18.35504512916278
express-boot,bottom,17.254930766632896
express-fluent-logger,bottom,16.111106987994862
express-orm-mvc,bottom,18.75323851318597
express-qrcode,bottom,19.19265389876881
express-react-views,middle,15.19296981191718
express-request-proxy,middle,14.491359596655922
express-sanitizer,middle,17.085274725274726
express-wrangler,bottom,17.11869918699187
extend-shallow,top,18.599075374328926
extglob,top,15.878426845485668
extract-gettext,bottom,18.2201030946613
extract-text-webpack-plugin,top,16.659928477319784
extract-zip,top,13.097484737484738
fancy-log,top,20.63314161101268
fast-async,middle,20.61422347658762
fast-json-stringify,middle,18.22113131563524
fastfall,middle,19.61245245245245
fastft-api-client,bottom,24.304947108988202
fastparse,top,15.57772361939331
fb-node,bottom,14.904401175104189
fb-xmpp-connector,bottom,22.730033444816055
fetch,top,12.31970777980791
fetch-client,middle,13.992797538748215
fetch-ponyfill,middle,17.87198173169666
fetchr,middle,15.973639226270809
figures,top,18.392155132800294
file-entry-cache,top,18.231147217201737
file-type,top,14.337917615692922
filefog-onedrive,bottom,20.17564756793813
filename-regex,top,14.202811471964988
filetobase64,bottom,17.988690153568204
fill-range,top,16.412759708982623
finalhandler,top,13.16270051427946
find-cache-dir,top,15.745650265650266
find-file-up,middle,16.396639566395663
find-process,middle,18.957441941883538
find-up,top,17.273058691614388
fined,top,17.875550611790878
first-chunk-stream,top,15.595472045684811
firstline,middle,13.372272398931504
fist-fistlabs_unit_serial,bottom,18.784529914529916
flagged-respawn,top,19.87948509485095
flat-cache,top,12.025791505791506
flickity,middle,20.09603128054741
flow-view,bottom,20.3811781011781
flush-write-stream,top,13.778416044503
fluxer,bottom,17.60498480243161
fluxxor-autobind,bottom,18.971111111111114
fn-args,middle,16.046922434290856
fontpath,bottom,17.95221916099965
for-in,top,17.597260458839408
for-own,top,21.907584242999526
foreach-async,bottom,19.71445955933761
format-url,bottom,19.152734712734713
forwarded,top,17.388938733454864
framework,middle,18.35538842504328
fredApi,bottom,21.421987650830154
freeloader-stream,bottom,22.154978354978358
friendly-errors-webpack-plugin,top,21.398115942028987
from2,top,12.197042113884219
from2-string,middle,14.736877238445649
frozen-express,bottom,19.321253561253563
fruit,bottom,17.961372286250334
fs-temp,middle,16.42976170976171
fs-write-stream-atomic,top,22.700614168440257
fsm2dot,bottom,19.196968701796287
ftp-generate-response,bottom,21.96004264004264
fuzzy-search,middle,14.713789265461807
fxos-simulators,bottom,22.268588588588592
ga-localstorage,bottom,15.948687622651008
gaffa-frame,bottom,18.55691297208539
gaffa-image,bottom,20.33320254875749
game-grid,bottom,21.22039749747067
gardr-plugin-ext-burt,bottom,21.573387620763935
garnish,middle,19.63180172653857
gcr,bottom,18.73824090026463
gearsloth,bottom,21.359544882125526
gedcomx-date-js,bottom,17.392865497076023
generate-function,top,18.86084432438159
generator-appsngen-web-widget,bottom,20.70286832991076
generator-bangular,bottom,21.840431905259493
generator-lib-java,bottom,19.565930473093506
generator-meshblu-connector,bottom,22.510729079624344
generator-npm-module,bottom,15.874302986985914
generator-react-gulp-browserify,bottom,22.031603120470116
generator-readme,bottom,19.123452270003998
generator-utils,bottom,23.358032875417695
generator-videojs-plugin,bottom,15.941818181818181
geo-tree,bottom,17.766093029868195
geohash-poly,bottom,18.712985893961505
geojson-segment,bottom,22.858201058201058
geojson-summary,bottom,21.989364548494983
geojson-vt,middle,17.733358070500927
get-caller-file,top,13.9392277992278
get-stdin,top,14.507155067155068
get-stream,top,14.350838618745595
get-value,top,14.456066252587993
getpackages,bottom,20.591727804359387
ghost-export,bottom,16.181487754170682
ghost-render,bottom,19.535053763440864
ghpages,middle,16.113949422050112
ghusers,bottom,17.31447550676005
giphy-api,middle,20.37968253968254
git-clone,middle,16.95101970612807
git-latest-semver-tag,middle,17.07792863195556
git-repository,middle,22.2302071424181
gitbook,middle,13.272458938910551
gitbook-grvis,bottom,23.298461538461538
gitbook-plugin-comments,bottom,19.08528687478632
gitbook-plugin-lexicon,bottom,24.248199972070942
gitbook-plugin-olark,bottom,21.75006314585262
gitbook-plugin-piwik,bottom,18.424685231136845
github-changes,middle,15.01214278491253
github-jobs,bottom,14.136815755536983
github-language,bottom,20.058258905360805
github-todos,bottom,15.141836974395114
githubNabber,bottom,19.117363253856944
gitignoreensure,bottom,18.776802507836994
gl-mat4,middle,19.42181128496918
gl-vec3,middle,17.94360944377751
glob-parent,top,14.954350299582401
global-modules,top,16.044086284086283
global-prefix,top,16.815283567007704
globby,top,12.85295162536542
globo,middle,21.833497923552507
globstar,middle,16.651428571428575
glogg,top,14.616222159190675
glry,bottom,19.049267190747265
glue,middle,20.68904761904762
gnar,bottom,17.50825997139679
gocd-api,bottom,19.921894354373244
goodscloud-node,bottom,20.39978835978836
google-cloud-storage,bottom,18.78061191626409
google-fonts-downloader,bottom,16.99086834733894
google-libphonenumber,middle,18.676921156646557
google-maps-react,middle,21.454761507449188
google-maps-services-js,middle,19.942710622710624
googlefonts,bottom,16.484444444444442
got,top,10.905969802555168
governor,bottom,19.419264492455984
gp-js-client,middle,17.648662448662453
grabetha,bottom,17.657905928047136
gracenode-session,bottom,20.982732648615002
grunt-api-meta,bottom,19.8170189701897
grunt-blogbuilder,bottom,17.33678812415655
grunt-caveman,bottom,18.219034144560823
grunt-check-pages,middle,15.575782455092801
grunt-crowdin,bottom,20.194412649276668
grunt-date-suffix,bottom,14.734480591871897
grunt-gulp,middle,19.872887048539223
grunt-htmllint-http,bottom,12.048253968253968
grunt-jscpd-reporter,bottom,18.79456059503598
grunt-knex-schema,bottom,15.546481077907476
grunt-metascript,bottom,14.107019008597595
grunt-neo4j,bottom,19.336835257064813
grunt-nexe,bottom,13.304605878878743
grunt-npm-helper,bottom,16.598091457454167
grunt-potomo,middle,11.993476586934497
grunt-protractor-coverage,middle,24.069172649086568
grunt-sass-lint,middle,16.580806328784853
grunt-serve,middle,15.369969969969972
grunt-slm,bottom,13.5203080872914
grunt-stylus-base-files,bottom,15.141551070521325
grunt-svgstore,middle,18.685689386865857
grunt-template-jasmine-dojo,bottom,14.041332316297993
grunt-xunit,bottom,19.111062271062274
gryd,bottom,18.598786678766878
gulp-atom-electron,middle,22.494418748072775
gulp-autoprefixer,top,22.134354066985644
gulp-ava,middle,15.030399970399973
gulp-base64,middle,16.57006606970552
gulp-cdn-ref,bottom,16.634253154253155
gulp-changed-in-place,middle,18.179777593971146
gulp-clang-format,middle,20.743492063492063
gulp-combine-media-queries,middle,18.74369282891022
gulp-connect-php,middle,16.564054580896688
gulp-coverage,bottom,16.601636446214584
gulp-css-inline-images,middle,18.57256292095002
gulp-cssbeautify,middle,17.082626938279112
gulp-develop-server,middle,17.22510654290975
gulp-dotjs-packer,bottom,15.70127414531342
gulp-es6-module-jstransform,bottom,16.453468013468015
gulp-espower,middle,19.553753985478124
gulp-exemplary,bottom,21.43452547452548
gulp-framework-dep,bottom,17.831211784816276
gulp-haste,bottom,19.108069535869788
gulp-html-extract,middle,14.56520580731107
gulp-html5-lint,middle,14.407474363996105
gulp-hub,middle,14.365341118829491
gulp-imacss,bottom,21.186751768155943
gulp-inline-css,middle,18.96218487394958
gulp-istanbul-enforcer,middle,19.10926406926407
gulp-jsdoc,middle,16.042212524317787
gulp-jsonminify,middle,15.937560975609756
gulp-mock,bottom,18.38107928247463
gulp-mustache,middle,16.15385486047625
gulp-natural-sort,middle,16.8553880901707
gulp-p4,bottom,16.163394327427945
gulp-pleeease,middle,18.289371766444937
gulp-plumber,top,13.90500452605716
gulp-processhtml,middle,20.34884399349516
gulp-reduce-file,middle,18.975042735042734
gulp-remote-src,middle,17.8005772005772
gulp-serve,bottom,12.732678484936551
gulp-sloc,bottom,13.631346537242214
gulp-sourcemaps,top,17.191444679351655
gulp-standard,middle,18.55895471067885
gulp-strip-comments,middle,12.718044014046109
gulp-strip-css-comments,middle,13.577860488324887
gulp-stylint,middle,11.581924640824074
gulp-subtree,middle,16.014906797596385
gulp-tape,middle,13.404102564102567
gulp-use-asset,bottom,18.707283378642266
gulp-wrapper,middle,14.628207066467937
gulplog,top,14.089963369963371
gunzip-maybe,middle,15.734913374913376
gzip-size,top,14.620392156862746
gzip-size-cli,middle,17.60957768665086
hammer-draggables,bottom,19.18667829119442
handle-callback,bottom,21.15690531445387
handpipe.js,bottom,19.118163259192634
hapi-auth-jwt2,middle,15.41040404040404
hapi-bookshelf,bottom,17.82857142857143
hapi-boom-jsend,bottom,14.928350857251113
hapi-cors-headers,middle,17.742969091252846
hapi-jwt,bottom,15.563725808241937
hapi-magic-filter,bottom,17.83642003559624
hapi-monit,bottom,15.219261880190675
hapi-prerender,bottom,15.855197339707598
hapi-route-directory,bottom,16.36491201608849
harmony,bottom,22.69766233766234
has-ansi,top,14.451922394025
has-flag,top,14.810739242781711
has-gulplog,top,13.09060489060489
has-key-deep,bottom,14.277575757575757
has-require,middle,17.684342142654163
has-unicode,top,15.52486973247071
has-value,top,15.240918861651327
hash-base,top,18.560477897252092
hash-sum,top,14.879644048943272
hash.js,top,16.632636928289102
haypeaeye,bottom,18.354956622325044
hbars,bottom,19.64731623617367
heartbleed.js,bottom,18.933582679217356
help-me,middle,17.526531713900134
helper-coverage,middle,20.154630897788795
heroku-cli-util,middle,18.383722943722944
heroku-proxy,bottom,18.04701357994117
hershey,bottom,19.4179020979021
hexo-cli,middle,13.146007130124778
hexo-generator-json-content,middle,16.09795518207283
hexo-migrator-joomla,bottom,15.730120506384225
hexo-renderer-haml,bottom,14.52433255269321
hexo-renderer-jade,middle,16.106401067604075
hideout,bottom,18.333407544836117
high5,bottom,18.89543570095294
hipku,bottom,13.786432748538013
hmks,bottom,19.168189833947068
hogan-brisket,bottom,13.335703183811663
hoist-non-react-statics,top,20.989876789876792
homedir-polyfill,top,18.328823513651102
hookies,bottom,21.41338355060904
hotkeys,middle,16.62932844932845
hotpath,bottom,22.895042348955393
html-comment-regex,top,15.387757581810314
html-pipe,bottom,20.0972009477071
html-webpack-harddisk-plugin,middle,16.823415435139573
htmlizer,bottom,20.57447432544207
http,middle,14.03147421054398
http-errors,top,15.243156384505022
http-proxy-middleware,top,14.281684911485277
http-proxy-noCrash,bottom,16.476842003293616
http-request-builder,bottom,18.812153951718546
hugo-bin,middle,16.16772932635633
humanb,bottom,20.084461050912665
humanize-string,middle,20.93358856197566
husky,top,20.373167453167454
i18next-sprintf-postProcessor,middle,21.27180911160451
i18next-xhr-backend,middle,20.351908831908837
ice-cap,middle,18.108511198945983
iconify,bottom,15.450225453628743
icss-utils,top,20.393268653871235
iffi,bottom,16.115770412468702
iframe-api,bottom,23.64764705882353
ify,bottom,17.047111285985967
imagemin-cli,middle,20.79223443223443
imagemin-jpeg-recompress,middle,22.025890971773325
imapseagull,bottom,22.214379676790543
immer,top,21.12906426906427
impersonate,bottom,18.026032881846838
import-cwd,top,16.496666666666666
import-from,top,16.57407616487007
import-glob-loader,middle,16.021579116899066
import-lazy,top,19.097266922094512
in-publish,top,18.18041055718475
indent-string,top,15.79579739369213
indexeddb-mock,bottom,26.189576217583813
infer,bottom,20.26891010517496
inflight,top,17.934667733288425
inject-lr-script,middle,17.223679653679653
injectify-view,bottom,20.551277784063444
innkeeper-storememory,bottom,16.937154772103266
int64-buffer,middle,15.693711805435944
internal-ip,top,15.71564414913252
interpret,top,24.735600722673894
invariant,top,15.835488721804513
invert-kv,top,15.589557109557111
ioBroker.js-controller,bottom,21.45615141384076
ios-icon-resize,bottom,18.537489177489178
ios-splash-generate,bottom,17.674398826979473
iostreams,bottom,18.68352626239167
ip-regex,top,17.922490450725746
ipod,bottom,20.499008691566832
iputil,bottom,20.129043062200957
is-absolute,top,15.168972431077695
is-absolute-url,top,16.233012768530205
is-accessor-descriptor,top,19.599303348303028
is-async-supported,middle,17.380156119169165
is-binary-path,top,14.35638319507134
is-buffer,top,8.38259757821624
is-builtin-module,top,11.568729222633753
is-ci,top,16.813586738464785
is-class,middle,15.03248442900617
is-data-descriptor,top,19.41970760233918
is-descriptor,top,18.205037399700807
is-directory,top,15.387220650677571
is-dotfile,top,14.401312117833859
is-equal-shallow,top,14.999658119658118
is-extendable,top,16.190527356241642
is-finite,top,10.1879679405945
is-fullwidth-code-point,top,18.398307052424702
is-generator-fn,top,15.661818181818182
is-glob,top,11.331992591449298
is-invalid-path,middle,19.436363925687235
is-it-purple,bottom,14.730163206684946
is-keyword,bottom,13.726015037593985
is-localhost,bottom,16.834659820282415
is-my-json-valid,top,16.006852931730982
is-npm,top,12.33353521389465
is-number,top,13.587877758913413
is-obj,top,12.984473304473306
is-odd,top,13.223717168560523
is-online,middle,15.54657049223321
is-path-cwd,top,11.803594053005819
is-path-in-cwd,top,16.004374509367622
is-path-inside,top,15.38403831907117
is-plain-obj,top,11.86951930951931
is-primitive,top,16.566158556013214
is-regexp,top,16.429304346656263
is-relative,top,14.304913707418454
is-root,top,14.073934863090875
is-stream,top,14.05543647211771
is-svg,top,13.551127513166495
is-travis,middle,16.811699604743083
is-type-of,middle,14.417160604859038
is-typedarray,top,17.699184635324617
is-valid-path,middle,16.03097383097383
is-windows,top,14.579711353829003
isModule,bottom,13.084224113397047
isansi,bottom,13.658355706939158
isexe,top,14.807151767151769
iso-http,bottom,12.85832765122925
isobject,top,10.428294616647019
isomorphic-form-data,middle,17.88044460750343
isstream,top,11.849199259521841
issuemd,bottom,18.5980241702894
istanbul-instrumenter-loader,top,21.285278188644902
istanbul-threshold-checker,middle,17.44255404725993
itbit,bottom,19.938606574157188
jQuerySimpleMask,bottom,17.264169639908484
jasmine-jsonpath,bottom,17.893549039433772
jasmine-n-matchers,bottom,18.779569134351743
javascript-sdk,middle,22.694253760423976
jekyll-meta-from-markdown,bottom,15.451173028652022
jenny,bottom,20.463895636527216
jhipster-core,middle,20.94576354679803
jisonify,bottom,16.38360446570973
joi-assert,middle,16.869406671759613
joi-machine,bottom,18.198623178084794
join-path,middle,19.275489948755094
jpeg-recompress-bin,middle,21.563011678101194
jpegoptim-bin,middle,22.57646699705523
jqueue,bottom,18.974718243200606
js-commons,bottom,21.667765064836004
js-ipld-dag-cbor,middle,20.03762776905634
js-libp2p-crypto,middle,23.313846153846157
js-m4,bottom,22.72257034512269
js-multiaddr,middle,20.109298245614035
js-multihash,middle,21.381075917546507
js-peer-id,middle,18.20689284186075
js-peer-info,middle,21.139493177387912
js-sha256,middle,15.708331954783569
js-symbol-tree,top,19.876914419869944
jsdelta,bottom,16.935575290583778
jsdoccer,bottom,19.498204334365326
jshint-reporter-bamboo,bottom,20.282619311875695
json-fling,bottom,14.976483760610993
json-readdir-stream,bottom,15.63655410946436
json-schema-view,bottom,16.874460297375784
json-silo,bottom,16.654446969314414
json-stringify-pretty-compact,middle,16.36286285519028
json-web-crawler,bottom,16.482654752179787
jsonist,middle,12.14787141229752
jsos-util,bottom,16.234956715000656
jstransformer-markdown-it,middle,16.26207961972668
jthoober,bottom,19.639037521618167
jwt,middle,13.648753953194182
jxt-atom,bottom,20.961172161172165
kardia,bottom,17.902303789376962
karma-bamboo-reporter,bottom,18.35757575757576
karma-chai-factories,bottom,21.496068376068376
karma-chai-js-factories,bottom,21.233269440548543
karma-electron,middle,20.892572219339215
karma-gzip-preprocessor,bottom,15.955427457532721
karma-jasmine-cucumber,bottom,23.635411995411996
karma-jasmine-jquery,middle,18.449305565680866
karma-jenkins-reporter,middle,19.432061698502377
karma-lodash-template-preprocessor,bottom,16.202322322322324
karma-ng-server-side-template2js-preprocessor,bottom,18.909172932330826
karma-nunjucks,bottom,21.799857549857553
karma-sets,bottom,20.3061038961039
karma-systemjs,middle,18.710386719486888
karma-tap-reporter,middle,16.35709598192357
karma-webpack,top,21.992390405293634
ketch,bottom,16.091645242137606
key-remap,bottom,17.19523394362104
keystone,bottom,16.380488238601448
kimi,bottom,16.732798734198525
kind-of,top,13.292540204777746
kindle-periodical,bottom,20.800065359477124
kiss,bottom,20.042735042735043
kmath,bottom,24.376291419793723
kmp-matcher,bottom,18.601904761904763
knex-schema-builder,bottom,17.038053917036688
knockout-else,bottom,16.22330400782014
knowhow,bottom,19.402981408835068
koa-barista,bottom,16.09638352089965
koa-connect,middle,21.251934731934732
koa-helmet,middle,13.99224958949097
koa-nunjucks,bottom,20.41724755864291
koa-passport,middle,17.95487328087734
koala,middle,20.297570132166676
konva,middle,18.234658953360782
krampus,bottom,18.347648232526282
lag,bottom,19.605913978494623
laravel-mix,top,18.213826885748553
lark-bootstrap,bottom,21.491304637391597
lark-log,bottom,17.711742993848258
lark-router,bottom,16.975890775890775
lark-views,bottom,20.194460613513698
lasercat-workshop,bottom,20.753766066936798
latest-version,top,17.15524475524476
latex-watcher,bottom,21.1846118677356
lazy-cache,top,17.945641359834912
lcd-pcf8574,bottom,14.827787114845938
lcid,top,13.784363709291743
led-canvas-fonts,bottom,18.757176157176158
lego-client,bottom,21.534382544957595
leinwand,bottom,21.799970281434813
leo-platform-arduino,bottom,23.90824241759831
less-runner,bottom,18.0002418068632
less-stream,bottom,16.65794871794872
level-fancy,bottom,21.77565327918269
level-random,bottom,16.563952126305068
level-rest,bottom,18.211902845094336
leven,top,17.858989898989897
levenshtein-edit-distance,middle,21.47490465293669
libphonenumber-js,middle,18.337808115823215
libreoffice-convert,bottom,21.545454545454547
license-gen,bottom,18.052723903370065
licensify,middle,18.859039709566026
lightbox,bottom,16.602612760059568
line-length.js,bottom,17.25970319535537
linerstream,middle,16.608662078187113
lines-and-columns,middle,18.049413880159104
lintspaces-cli,middle,16.00844438468465
liquid-fire,middle,21.035824175824178
load-grunt-configs,middle,20.94639567454889
load-json-file,top,16.009592449592454
loader-runner,top,17.27054131054131
loadjs,middle,16.715404320055484
log-symbols,top,17.054249406507473
logbrok,bottom,15.957274219190728
loglog-server-mongodb,bottom,16.066565638903462
longest,top,10.950043545017495
lookup-deps,bottom,19.104095723178915
loopback-component-passport,middle,19.84989676989677
loopback-connector-kafka,bottom,18.589687248223832
loopback-phase,middle,20.195295134387695
loopback-swagger,middle,21.375242728286207
loose-envify,top,23.391861471861475
loud-rejection,top,16.842539682539684
lowercase-keys,top,15.742147026034496
lru-memoize,middle,21.27738170616925
ls-fs,bottom,16.796005398110662
m-date-picker,middle,17.563707664884134
m-picker,middle,18.3649368175684
m3u8downloader,bottom,17.401316557838296
machine,middle,18.131192916898115
map-cache,top,17.13232174879234
map-obj,top,15.857896692679304
map-props,middle,16.907835697964824
map-visit,top,16.82483970136144
markdown-extensions,middle,20.384202554202556
markdown-it-abbr,middle,15.382476982476982
markdown-it-attrs,middle,19.883505789556445
markdown-it-deflist,middle,17.18267281105991
markdown-it-mark,middle,14.583492063492065
markdown-it-sup,middle,16.73234449760766
markdown-it-table-of-contents,middle,16.862500395131974
marko,middle,17.128569066320203
match-at,middle,18.601136556786475
md5.js,top,16.057019969278034
meanio,middle,13.981991646819234
media-typer,top,19.445899363794105
mem,top,17.51012099012099
memfs,middle,20.470737327188942
memory-fs,top,12.949777603690649
menubar,middle,18.62100692476404
meow,top,17.72190172400699
merge2,top,15.119773242630387
merkle-lib,middle,20.1094175535827
method-override,top,18.10277613984931
micromatch,top,13.513490557513327
miller-rabin,top,18.034015639532882
mime-db,top,19.192989055711383
mime-types,top,15.778980944898631
mimic-fn,top,16.217895902547067
minimalistic-assert,top,19.052714836463128
minimalistic-crypto-utils,top,24.78144465290807
mississippi,top,18.068286867465304
mixin-deep,top,15.912865105908585
mixin-object,top,19.425138097990246
mocha-clean,middle,19.44794464794465
mocha-eslint,middle,17.365260593647694
mocha-fivemat-progress-reporter,middle,20.220289855072465
mocha-text-cov,middle,14.947775265195997
mocha.parallel,middle,17.444747569819874
mochawesome-report-generator,middle,20.80695652173913
modify-babel-preset,middle,21.18520972663388
mongoose-deep-populate,middle,18.228253502769633
morgan,top,10.340303657694964
mount-point,middle,19.665585812037428
msgpack-lite,middle,20.857831868379538
multicast-dns,top,19.197547595442334
multicast-dns-service-types,top,21.016878265658754
multipipe,top,17.747655258728585
multireducer,middle,22.87968512066073
nanomatch,top,13.375779768037834
nash,middle,19.91265403771269
nativescript-dev-webpack,middle,24.95915343915344
nativescript-hook,middle,23.66195784845154
ncname,top,15.979437449929813
neo-async,top,17.76949065119278
ngtemplate-loader,middle,20.117039848197344
node-MarkerWithLabel,middle,13.709046832335767
node-accept-language,bottom,19.259671436142025
node-adif,bottom,19.04739798622152
node-ansi,bottom,16.19847707847708
node-app-root-dir,middle,16.990662931839402
node-app-root-path,top,14.765448916408669
node-areacodes,bottom,18.619413440589913
node-argx,middle,17.693082467960515
node-artstack,bottom,18.467950346372767
node-assetmanager,middle,18.474569482583068
node-basecontroller-core,bottom,18.152900432900434
node-bcat,bottom,16.45934065934066
node-bcrypt-pbkdf,top,15.306140147115759
node-benchmarks,bottom,18.515865820213648
node-cmd,middle,12.316230234029096
node-comment-json,middle,13.89222696380591
node-constant-contact,bottom,21.315922209835257
node-cross-spawn,top,15.746666666666666
node-ddate,bottom,18.954634544199763
node-directory-tree,middle,18.133821733821733
node-dom-urls,top,18.343462554437068
node-elm-compiler,middle,17.050295515665432
node-engine-light,bottom,17.547103190353965
node-fetch-politely,bottom,21.4240522875817
node-file-index,bottom,18.19995947315096
node-file-lookup,bottom,16.23751762898376
node-fixturify,middle,17.142991553593674
node-flipr,bottom,14.283153420162966
node-fx-runner,middle,19.03174603174603
node-gcm-cli,bottom,16.081409040042818
node-get-all-js-files,bottom,20.952188552188552
node-google-alerts,bottom,19.25493353981159
node-har-validator,top,15.170920787563542
node-hertz,bottom,17.82889516280821
node-homedir,middle,13.785042735042737
node-html-pdf,middle,14.31275641562181
node-http-verror,bottom,15.869382940108895
node-ifconfig-parser,bottom,19.47600831600832
node-inst,bottom,16.17792038027332
node-jl,bottom,13.613932297146983
node-jscrap,bottom,15.013483427141967
node-json-rest-client,bottom,14.986774659032724
node-jwks-rsa,middle,15.639564183396937
node-klaw,top,17.70888608707834
node-language-detect-exec,bottom,19.063495192831578
node-language-detect-spawn,bottom,14.09905595173888
node-language-exec,bottom,18.157715794863503
node-language-spawn,bottom,20.56870638133796
node-lazy-api,bottom,14.522217464981836
node-lei-routes-sort,bottom,15.815714285714288
node-lintspaces,middle,17.286093471745648
node-local-config,bottom,16.724176484176486
node-logentries-retrieving-log,bottom,20.188736141906872
node-logify,bottom,16.33681796464405
node-lru-cache-cluster,bottom,17.686317674083956
node-macaddress,top,12.575493278651175
node-manage-path,middle,17.51743007594401
node-multispinner,middle,20.21211983358325
node-os,middle,15.83844155844156
node-parse-numeric-range,middle,18.18465269580414
node-pn,top,18.091932108811907
node-rand-token,middle,20.42820512820513
node-sshpk,top,13.99800465780182
node-test-runner,middle,15.919112841617586
node-tmp-sync,middle,17.958672482338546
node-url,top,14.215514294134982
nodejs-depd,top,15.597214076246336
nodejs-driver,middle,18.44498866213152
nodejs-fluent-validator,bottom,17.676239950525666
nodejs-is-writable-stream,bottom,11.438828895414263
normalize-newline,middle,17.49163542340013
normalize-path,top,19.7860779144294
normalize-range,top,15.552364902819908
normalize-url,top,24.080485707293768
npm-git-info,middle,15.773767800826624
npm-installer,middle,18.387206926809878
npm-name,middle,15.563892339544514
npm-prepublish,middle,16.362931285655744
npm-run-path,top,15.841036669423767
npm-utils,middle,18.30513833992095
npmi,middle,16.03078492839142
nth-check,top,17.035302375862287
num2fraction,top,14.360227920227922
number-is-nan,top,13.812766243048282
nyc,top,16.182400215438477
object-assign,top,15.995590100955956
object-hash,top,15.843299663299666
object-visit,top,19.192165419793504
object.assign,top,13.811137136390215
object.defaults,top,15.077408414106708
object.omit,top,19.813202236360134
object.pick,top,19.049230769230768
offset-buffer,top,21.38123405513917
on-headers,top,14.64506094378435
opt-cli,middle,19.07526999316473
opt-merger,middle,18.199709831764164
optimize-css-assets-webpack-plugin,top,17.703388713791192
original,top,19.498296615943676
os-homedir,top,16.001616161616163
os-locale,top,14.151866343375294
output-file-sync,top,18.063644441515507
package-deps,middle,18.976300451924576
package-json,top,15.024297425273037
package-json-versionify,middle,15.179240728549484
pako,top,17.992253717131767
pal,middle,18.360699978916298
parse-asn1,top,11.930252771618626
parse-filepath,top,15.883719396233904
parse-gitignore,middle,16.366490496799027
parse-json,top,14.921614255276495
parse-mongo-url,middle,18.81672058935217
parse-torrent,middle,16.415943125788328
parse-unit,middle,15.914566544566545
parseurl,top,13.800065353323328
partialify,middle,18.129870454748506
particles.js,middle,23.50777948455368
path-exists,top,13.242360152193275
path-is-absolute,top,15.783296703296704
path-key,top,13.799343185550082
path-loader,middle,18.193726273726277
path-parse,top,15.209282666124773
path-type,top,14.440139884595208
pbkdf2,top,20.223028474339298
peek-stream,middle,18.39427660059239
pem-jwk,middle,18.232767877284008
perfectionist,middle,20.430981732405883
phridge,middle,15.591951118958907
pify,top,17.56980861244019
pkg-dir,top,11.045518539431583
pkg-up,top,11.86771366919974
plexer,middle,21.302139531075703
plugin-host-resize,bottom,19.007374847374848
point-geometry,middle,20.703389463616
postcss-calc,top,17.92970212448473
postcss-css-variables,middle,18.81468188982432
postcss-custom-media,top,17.814145658263307
postcss-custom-properties,top,18.783101604278073
postcss-custom-selectors,top,19.895454545454548
postcss-devtools,middle,20.388104282964964
postcss-easings,middle,19.156277026322005
postcss-filter-plugins,top,19.24953700953701
postcss-font-variant,top,16.26986044868398
postcss-functions,middle,18.07941391941392
postcss-import,top,16.28751738198547
postcss-initial,top,20.240802675585286
postcss-inline-svg,middle,18.301775214033277
postcss-media-minmax,top,19.42328100788144
postcss-message-helpers,top,20.391500721500723
postcss-modules-local-by-default,top,16.870056221635167
postcss-modules-scope,top,17.46818380209685
postcss-modules-values,top,16.370929121770978
postcss-opacity,middle,20.054923931903335
postcss-parser-tests,middle,15.27838196870455
postcss-prefix-selector,middle,17.036272994893686
postcss-selector-matches,top,20.031435938922037
postcss-selector-not,top,18.42025974025974
postcss-selector-parser,top,19.854302422723475
postcss-value-parser,top,20.266341463414637
prebuild,middle,15.448877661291457
prepend-http,top,15.465931715343482
prepush,middle,14.592410873372927
preserve,top,20.276866359447006
prettier,top,19.917508813160985
pretty-bytes,top,17.109531388152078
process-nextick-args,top,20.138868849252482
prom-client,middle,14.309077875529487
promises-es6,middle,19.8936485357538
prompt-sync,middle,12.973433366476845
prop-types,top,17.772218523942662
protractor-jasmine2-screenshot-reporter,middle,18.804271284271287
proxy-addr,top,14.867499309201438
pseudomap,top,18.721552131675317
publicEncrypt,top,15.60205573367649
pug-cli,middle,15.958774703557314
pumpify,top,13.659783549783551
purifycss,middle,19.254656741108356
purifycss-webpack,middle,16.646810966810968
pushdata-bitcoin,middle,19.64666666666667
python-shell,middle,12.771385281385282
qs,top,14.349723284196884
querystringify,top,14.182799576287948
queue-anim,middle,19.566047006526766
random-item,middle,14.376762749445678
randomatic,top,20.53452428835369
randombytes,top,22.259556973241185
rc-config-loader,middle,18.72477136780477
reInterval,middle,18.921637426900585
react-a11y,middle,24.43978106185003
react-beautiful-dnd,middle,21.09256249127217
react-burger-menu,middle,20.3976790461001
react-click-outside,middle,15.83400260002889
react-collapse,middle,20.03428638114132
react-component-gulp-tasks,middle,19.482360822156316
react-dock,middle,18.663496016178946
react-dropdown,middle,19.040668896321073
react-flexbox-grid,middle,17.110996359896617
react-flip-move,middle,19.08852015863728
react-grid-layout,middle,21.96057678755353
react-group,middle,20.972149574190087
react-highcharts,middle,20.785290806754222
react-highlight,middle,18.72314341572406
react-hot-loader,top,19.197339380196524
react-inline-css,middle,20.894533266297973
react-masonry-component,middle,20.328756655815482
react-moment-proptypes,middle,13.272274300712747
react-mounter,middle,19.47954887218045
react-native-collapsible,middle,19.74962962962963
react-native-communications,middle,19.201143289802115
react-native-modalbox,middle,23.431554252199412
react-native-navbar,middle,21.63495264026704
react-native-progress,middle,18.743797956429535
react-native-side-menu,middle,19.921330600086907
react-notification-system,middle,20.399221151875388
react-paginate,middle,20.20590327846142
react-quill,middle,20.338382140735085
react-redux,top,19.497171287929504
react-resizable,middle,21.589629629629634
react-responsive-carousel,middle,23.61303728647094
react-scrolllock,middle,21.068232264260068
react-share,middle,16.592572339940762
react-sidebar,middle,20.757573898969248
react-static-container,middle,20.96351736801291
react-sticky,middle,18.098378378378378
react-svg-loader,middle,17.28288037166086
react-toggle,middle,17.017704109821924
react-with-styles,middle,18.557984149563097
read-file,middle,14.764043675622625
read-pkg,top,14.178946552617305
read-pkg-up,top,11.157623454815575
read-yaml,middle,15.052120273583691
rechoir,top,16.132639463284626
redent,top,14.074336090355265
reduce-css-calc,top,18.919690233864806
reduce-function-call,top,19.372690585322164
redux,top,17.623714821763606
redux-auth-wrapper,middle,20.4643102898335
redux-devtools-themes,middle,25.246949632144883
redux-localstorage,middle,15.210057742471538
redux-thunk,top,14.760992688278549
redux-undo,middle,20.49866689530252
regex-cache,top,21.923729603729605
regextras,middle,21.8145945945946
registry-url,top,18.77749546279492
regjsgen,top,19.722791134406382
relateurl,top,19.324300065058942
relative,middle,22.923777360850533
remote-form,bottom,18.699629060531954
remove-markdown,middle,14.459429897309008
repeat-element,top,19.07869819476227
repeat-string,top,15.896798705579195
repeating,top,19.235789739319152
replace-ext,top,16.356292335115864
require-from-string,top,15.128079730584478
require-in-the-middle,middle,16.992508010353596
requires-port,top,17.966696832579185
resolve-cwd,top,13.912154512154512
resolve-dir,top,16.49780820615224
resolve-from,top,17.51258486347807
resolve-protobuf-schema,middle,23.234257157135723
resource-loader,middle,20.627790143084262
restore-cursor,top,19.389984955942403
rethinkdbdash,middle,21.434299754299754
rev-del,middle,19.18913865778055
rework-plugin-function,middle,16.14666666666667
rework-plugin-url,middle,16.246931053123006
right-align,top,17.831544085208296
ripple,middle,20.655042735042734
rollup,top,16.149628910987143
rollup-plugin-babel-minify,middle,17.926720771371937
rollup-plugin-bundle-size,middle,19.020251473324247
rollup-plugin-istanbul,middle,23.485714285714288
rollup-plugin-multi-entry,middle,16.154216248867414
rollup-plugin-node-resolve,top,17.233805932629462
router,middle,17.241661661661663
rss,bottom,16.08852601317718
rtl-detect,middle,17.572350719358507
run-applescript,middle,18.663203463203466
run-auto,middle,21.169902740937225
run-sequence,top,14.546872586872587
safe-buffer,top,17.98805879607554
sane,top,22.40807505452667
sass-graph,top,16.45714285714286
scss-tokenizer,top,18.265957184577875
semver-diff,top,14.320942760942762
sequence,middle,21.816654151022114
serialize-javascript,top,18.538855820525516
serve-favicon,top,15.530018900324274
serve-index,top,13.49283005493532
serve-static,top,16.637830556540234
session,top,14.735090667846086
session-file-store,middle,13.171070188361572
set-immediate-shim,top,19.584559270516717
set-value,top,15.260804780439667
setprototypeof,top,19.609817374978668
shady-css-parser,middle,16.945417942491115
shallow-clone,top,16.03809606841865
shebang-command,top,17.851456582633055
shebang-regex,top,21.320441046445104
shiro-trie,middle,15.468050174524672
should.js,top,17.50935400516796
signal-exit,top,14.461720928521505
simctl,middle,22.97506493506494
simple-sha1,middle,16.999815668202764
slack-bot-api,middle,17.804257703081234
slice-ansi,top,16.7877483480482
snapdragon,top,19.3048686410466
snapdragon-util,top,18.296400446357403
socket.io-adapter,top,18.139257123937977
sort-by,middle,14.860379620379621
sort-keys,top,13.495307829425476
source-list-map,top,18.570623848799602
source-map-resolve,top,18.587029987310494
source-map-url,top,17.911322708725965
spdx-correct.js,top,18.46682788475892
spdx-expression-parse.js,top,20.53662337662338
spdx-license-ids,top,19.695415415415418
spdx-license-list,middle,17.976907447836243
spdy-transport,top,17.974143466775047
split-string,top,17.154530156929475
spotify-web-api-node,middle,17.925722210665004
stack-utils,top,17.322539682539684
stackframe,top,17.77769326830188
standard,top,19.559010250972076
standard-format,middle,20.79755233494364
statuses,top,20.678974358974358
stdout-stream,top,15.171403508771931
stealthy-require,top,16.544741423451104
stream-assert,middle,13.975306311148097
stream-each,top,16.710505032688648
stream-http,top,11.53186549350142
stream-shift,top,15.060705400439748
stream-to-promise,middle,16.276791979949873
strict-uri-encode,top,17.62378614293508
string-length,top,18.134793964448562
string-width,top,18.036124794745483
strip-bom,top,14.67476273407308
strip-comments,top,15.069090909090908
strip-indent,top,15.900700059327061
strong-globalize,middle,22.667048453795083
superagent-promise,middle,20.92689832689833
svg4everybody,middle,20.64018648018648
swagger-jsdoc,middle,13.857153996101365
table,top,16.157392062888192
tacks,middle,17.75910759271567
teamwork,middle,19.30606112224273
telegraf,middle,16.635971538040504
template-html-loader,middle,16.572619564343704
templating-resources,middle,19.796756306024598
test-exclude,top,16.955251700784547
testing,middle,20.50795530051344
thorJS-builder,bottom,19.844937023760554
throng,middle,18.473585294980644
time-stamp,top,17.071636562671046
titleize,middle,13.685098081211496
to-arraybuffer,top,15.217320574162681
to-fast-properties,top,25.583548225887057
to-ico,middle,15.350920705703313
to-object-path,top,18.453335879806467
to-regex-range,top,14.656007130124777
toml-require,middle,14.300492610837441
top-gh-contribs,middle,17.250412708078613
topo,top,18.511658456486042
toxic,middle,16.665081585081587
transliteration,middle,18.111193517442906
trash-cli,middle,16.039083919083918
trim-newlines,top,13.020182095332263
try-require,middle,14.457893600219183
tslint-ionic-rules,middle,19.5721044546851
tween-one,middle,19.61749759012917
tweetnacl-js,top,25.553682362133625
uglifyjs-webpack-plugin,top,18.66917378917379
unassert,middle,20.030183150183152
unassertify,middle,18.006143421795596
unc-path-regex,top,18.552608132608135
underscore-template-loader,middle,15.641452311129731
unescape-js,middle,17.161148841148844
union-value,top,14.584989747095012
uniqid,top,14.546053511705688
uniqs,top,15.914164222873902
unit-coverage,middle,19.866967930497346
unit.js,middle,13.230135307526613
universal-router,middle,18.57387314513705
unset-value,top,16.25273609042655
url-parse,top,16.00845495777238
url-parse-lax,top,20.111511888099603
url-slug,middle,20.581236802413276
use,top,22.985310245310245
utfstring,middle,20.3198276537407
util-deprecate,top,17.104474592344776
v8flags,top,17.995656015692315
validate-npm-package-license.js,top,22.738181818181822
validate-npm-package-name,top,16.88629653886185
varuint-bitcoin,middle,22.18857142857143
vary,top,17.937996715927753
vector-tile-js,middle,20.350969481082124
verb-tag-jscomments,middle,15.838697896141081
versionify,middle,16.29953601953602
verup,middle,19.030833972229324
vinyl-source-stream,top,13.375017719407964
vizion,middle,18.217073206636236
void-elements,top,13.9588603988604
vue-component-compiler,middle,17.2202352033931
vue-hot-reload-api,top,16.109607505700787
vue-loader,top,13.381079672832367
vue-moment,middle,17.196526181353768
vue-touch,middle,15.18104218362283
vuex-i18n,middle,17.390494948389687
vuvuzela,middle,21.851966425288346
vux-loader,middle,11.326481273129241
wangEditor,middle,19.67553060678963
warning,top,16.52106034316561
watchpack,top,17.273204925943265
wbuf,top,20.521132897603486
web-resource-inliner,middle,18.462209469153514
webidl-conversions,top,20.174358974358977
webidl2js,middle,23.8745014838452
webpack-bundle-analyzer,top,23.731479421579536
webpack-cleanup-plugin,middle,17.3994674859191
webpack-hot-middleware,top,16.5442089093702
webpack-manifest-plugin,top,17.651548694712996
webpack-merge,top,20.856690482056337
webpack-middleware,middle,20.312898263932748
webpack-sources,top,17.871885441919037
webpack-subresource-integrity,top,21.541433928425857
websocket-extensions-node,top,25.31427350427351
whatwg-url,top,17.711785709091437
wide-align,top,19.487320840480898
widest-line,top,13.636368074792927
wif,middle,16.1211169656951
window-size,top,16.299341706704737
wrap-ansi,top,15.2776854518031
wrappy,top,18.74351937190647
write,top,15.244810744810746
write-file-atomic,top,19.074521603373817
xdg-basedir,top,18.81434782608696
xdg-trashdir,middle,18.587349454717877
xml-char-classes,top,19.956703296703296
xml-name-validator,top,17.022150954782536
y18n,top,18.624175824175826
yallist,top,18.84841547429783
yargonaut,middle,18.830125251301723
yargs-parser,top,16.23995221027479
yauzl,top,12.590101010101012
yeast,top,16.125708812260537
yn,top,17.099011680143754
zopflipng-bin,middle,23.857681577681582
